,hash,time,block_index
0,00000000000000000000540268ddfc73d8cd7348eb48695fe4a602708c89b2e4,2023-09-10 00:00:00,806982
1,00000000000000000003f3a19f16e20cc5f50f108ed7dabd5957f2e61e90868d,2023-09-10 00:00:00,806981
2,0000000000000000000372109b9a114633512587c8b074910a4bc02921828b59,2023-09-10 00:00:00,806980
3,0000000000000000000438def0efe8257f6ff025665074dbcf7e1fda070aff30,2023-09-10 00:00:00,806979
4,000000000000000000022e8847528953ebe30fc81867dc9ab70b50ce2660d5df,2023-09-10 00:00:00,806978
5,000000000000000000051355825a2eee832e8c068a3aa355ac6a28bed2d29472,2023-09-10 00:00:00,806977
6,00000000000000000000934a50f928c4572cc5d32276ffb55bd8dced508d728d,2023-09-10 00:00:00,806976
7,00000000000000000002914218e992201381ea1fb26cb2fa963a50df844051b6,2023-09-10 00:00:00,806975
8,0000000000000000000047ea53323c0e8c8609f5dfea221fef380d20a12978d8,2023-09-10 00:00:00,806974
9,00000000000000000004f5d5af8c8532c5560a2e3f456d9f9fef7a867f3e7c8c,2023-09-10 00:00:00,806973
10,000000000000000000044e257ee716989fb570589520ead0e9e05fe3458bf155,2023-09-10 00:00:00,806972
11,0000000000000000000132d5842a392ad90fc61d139a81aa11d2bc2b2087d624,2023-09-10 00:00:00,806971
12,00000000000000000001575c226057814626005a617618e5939b46d28b7c1a4a,2023-09-10 00:00:00,806970
13,00000000000000000001a9ed9208b39faf3e6de59519e2980d3d97761ecab86d,2023-09-10 00:00:00,806969
14,00000000000000000000adf1f73b950dd3aa10c11824a546df11076c7217e2b3,2023-09-10 00:00:00,806968
15,0000000000000000000079b0600c52d171a5aeb809f1c828af60d5861b8b135a,2023-09-10 00:00:00,806967
16,00000000000000000002c983d51d521f64fabdf281a9789c5795917bcccaf844,2023-09-10 00:00:00,806966
17,00000000000000000002433495ae8c148d9d293db1ba1f30bd5c846301066855,2023-09-10 00:00:00,806965
18,0000000000000000000160eae267d71f2b5d53e29f5d5ad49528909154817d2f,2023-09-10 00:00:00,806964
19,00000000000000000001f12b43293947b762679c2cd76f95aa934d540f95c3bc,2023-09-10 00:00:00,806963
20,00000000000000000003adf194a03b1565d8425ef6ed046cc53b28393e2e2583,2023-09-10 00:00:00,806962
21,00000000000000000000463beb6647f34c5952fdc8b370866b0da241fa9ac229,2023-09-10 00:00:00,806961
22,00000000000000000001f022fadbd930ccf6acbe00a07626e3a0898fb5799bc9,2023-09-10 00:00:00,806960
23,000000000000000000033b0b78ff68c5767109f45ee42696bd4db9b2845a7ea8,2023-09-10 00:00:00,806959
24,00000000000000000000205fec13ac1ed11358980443856c30f8cca647b4789a,2023-09-10 00:00:00,806958
25,00000000000000000002665366ddf7ec598cd797bfe768b469ea7bcd73b9ab3a,2023-09-10 00:00:00,806957
26,00000000000000000003ccdc7a13a2b7c248c6f708778706a58fad1e78f8f73f,2023-09-10 00:00:00,806956
27,0000000000000000000142b08e9f60d632c3ec10d040c73a72220cbc5a0895ee,2023-09-10 00:00:00,806955
28,000000000000000000040b88a773ba028dad46b023e9f0fb4c348b28bdca6d21,2023-09-10 00:00:00,806954
29,00000000000000000003e3aaab8405f17845bf19a4c4b331397f398677e4559c,2023-09-10 00:00:00,806953
30,000000000000000000016aec98e761fceba99111b02199970d6296d0c6495644,2023-09-10 00:00:00,806952
31,00000000000000000000fa614880f1daec1356a55c683d6c7ba4872a4b8bff81,2023-09-10 00:00:00,806951
32,0000000000000000000503f570c55bcfac639b0f09c88864f3036fc16388cd6a,2023-09-10 00:00:00,806950
33,000000000000000000030a3478f6bdfbb63eb01c9091493e61c374bb2a10460d,2023-09-10 00:00:00,806949
34,000000000000000000034b682cec12117d91925d0740e89a309c945124853a6b,2023-09-10 00:00:00,806948
35,00000000000000000000a5bb8947d59db4e9ba174b87124c957ce476bf908e76,2023-09-10 00:00:00,806947
36,0000000000000000000056814d65da270729997dbd291c9345a2b3f84974e575,2023-09-10 00:00:00,806946
37,0000000000000000000506864e47dbb8cef1d9efea06c5f17fa945ad50d52472,2023-09-10 00:00:00,806945
38,00000000000000000002cc70049bc4d991923dabec7bf72f98194dd96dbf7996,2023-09-10 00:00:00,806944
39,00000000000000000000eb1ebf109cd7bb6c124d2c73629ba5d1f20369ab7b02,2023-09-10 00:00:00,806943
40,00000000000000000002acba8795a725c865ff5b3954bfe843e3eeabac163373,2023-09-10 00:00:00,806942
41,00000000000000000004cfa498abdc8717741329a0fd5486d73c611bf72c4eea,2023-09-10 00:00:00,806941
42,00000000000000000001abe45f5594f87aa8d09f01a1df785a7a060a1b66bf64,2023-09-10 00:00:00,806940
43,00000000000000000003c165b7c9ec79e5467152b37a29cf9939388c7753719d,2023-09-10 00:00:00,806939
44,00000000000000000003bb891469c5c357b44a3b4dd10f6b315b4434b1555f87,2023-09-10 00:00:00,806938
45,000000000000000000006463e4abd3c627e14cb17433d3e839265394fe856973,2023-09-10 00:00:00,806937
46,00000000000000000003c586bf5ecb1ed95703e665707a84dde161a4860d22ff,2023-09-10 00:00:00,806936
47,000000000000000000015b7d33e55baabc7134e9ca771b611aaf252d27d74634,2023-09-10 00:00:00,806935
48,00000000000000000004df3eff838da8cf0922b6fe4c965f98fc9b5d760c3c28,2023-09-10 00:00:00,806934
49,00000000000000000001b1ef755daf77965bbdb0407be7ee517ddce213d18e28,2023-09-10 00:00:00,806933
50,00000000000000000004dc1abedb499a41e68d5ddcccd41caf44f257f4829a3c,2023-09-10 00:00:00,806932
51,000000000000000000052ec43ef7143b11f6b539ec9c80df1ae668da7a56a462,2023-09-10 00:00:00,806931
52,00000000000000000001a81a4bab25c33f2a372bcffb19e80e9052c384c279f2,2023-09-10 00:00:00,806930
53,00000000000000000004f81173128fbc9241c90a6e9d044c559bebc64f1fbe7f,2023-09-10 00:00:00,806929
54,0000000000000000000256295836a36e6fb8ed51d61d7b7a70981a1d64a64917,2023-09-10 00:00:00,806928
55,000000000000000000037caf2a27a07744701046f9059f563165105e32c8fc5a,2023-09-10 00:00:00,806927
56,000000000000000000017d51ff8edec19bec05ef8e87c69c6e827ff86cbee504,2023-09-10 00:00:00,806926
57,00000000000000000004c60f1e37d649f110fef4010102c5b6c6aa5dc1f47d91,2023-09-10 00:00:00,806925
58,00000000000000000000723a5fe18065918ed8bbd89d2f942dfcd600e9f0c512,2023-09-10 00:00:00,806924
59,00000000000000000003742a886ac7a6c3eee36e56c97d8bcc7e1570305821ab,2023-09-10 00:00:00,806923
60,0000000000000000000008116297320bc5a664b4b6aee6a59590e77c0ea682ef,2023-09-10 00:00:00,806922
61,000000000000000000046c29795f998174a70a7106634e31981696fa570e9ea3,2023-09-10 00:00:00,806921
62,000000000000000000004d82cbba1f4e2b46d7966bbdfc2cd731b36726cd8112,2023-09-10 00:00:00,806920
63,00000000000000000001f5f36c4ad3d9f6d51d264df87b17618d986e2125b299,2023-09-10 00:00:00,806919
64,00000000000000000003fe20fbdc1548e23936555ed30244635faf6123a81c8f,2023-09-10 00:00:00,806918
65,00000000000000000001edc7de4439b79b3c5c5983f4be76aabf9fe59096ec9a,2023-09-10 00:00:00,806917
66,000000000000000000030f0d6b3857a714e79593863096e6f476341dc510b05e,2023-09-10 00:00:00,806916
67,000000000000000000027ba5bfaa39a3ee615d1874362ce7c5f614f5c653af71,2023-09-10 00:00:00,806915
68,00000000000000000000c2025c0e199070969b36c91f28554d42005c17b827a5,2023-09-10 00:00:00,806914
69,000000000000000000002e193ed60b564d9b1191fa5e40260fa0771836d9099a,2023-09-10 00:00:00,806913
70,00000000000000000000d94ca21a52f26c56f3a2f22a2690d476d4a6aa177d21,2023-09-10 00:00:00,806912
71,0000000000000000000384ee7b069a9e54da99203869627dc98ebb813ec1ffd9,2023-09-10 00:00:00,806911
72,00000000000000000003d49499d106def660ad6ff1fe305fd7e3e38760b14ad4,2023-09-10 00:00:00,806910
73,00000000000000000000f3793fa67c230eb365262429337be082ad6ed8c05a0f,2023-09-10 00:00:00,806909
74,00000000000000000004e6e4e2d345652bbe50da66348bdfc53f44cde7e101ef,2023-09-10 00:00:00,806908
75,00000000000000000003cf3b864bb34667d9d72849a8a6d561ae11cdc6181d6a,2023-09-10 00:00:00,806907
76,00000000000000000000367e0260357f931f2c39ed1a6c681b4081e1eddb0673,2023-09-10 00:00:00,806906
77,00000000000000000000e75a636f5142fc702e1969c89c38780bcb481244ee94,2023-09-10 00:00:00,806905
78,000000000000000000040efe2476d40194db33171f2a539e3f17d1f6af0b1aab,2023-09-10 00:00:00,806904
79,000000000000000000026b737ca4c7c74b4dde8529cb71a5221639b293057d06,2023-09-10 00:00:00,806903
80,00000000000000000000b6a873892d5f9f76b8fa67df2a291de914a4b23124bc,2023-09-10 00:00:00,806902
81,000000000000000000034373e8c19e9128d04eaf901b667679f0964904f87ae7,2023-09-10 00:00:00,806901
82,00000000000000000004a91f5318021267b7b73312dee5e371073d6005645ff4,2023-09-10 00:00:00,806900
83,0000000000000000000344b5e56035ae818c62669e74177249adfa6673870b07,2023-09-10 00:00:00,806899
84,000000000000000000023240e0fb2a308af6edcc3a4c612d6dfefdf402833097,2023-09-10 00:00:00,806898
85,000000000000000000028d03cc98c2ca64df19e53a5988ad88516da5f62d0399,2023-09-10 00:00:00,806897
86,0000000000000000000162fdbd8acd5d8f7796e34fc22ceee15e6c474f1b8e77,2023-09-10 00:00:00,806896
87,000000000000000000032014bc784a73acc47c83f0dd829c77d9a73d476f33ee,2023-09-10 00:00:00,806895
88,000000000000000000011cd883f4eab93cece29e83c1697894199da09c8d693b,2023-09-10 00:00:00,806894
89,000000000000000000051aa59a9225180c7dd9515ec9e78162dc1f005a9e7346,2023-09-10 00:00:00,806893
90,000000000000000000049d20d0f49a286ae883b26c5516236da0575d26603c0a,2023-09-10 00:00:00,806892
91,00000000000000000002eb318465b5d1f60cf8e859a5611e56d53c067a70efed,2023-09-10 00:00:00,806891
92,000000000000000000033a16369eed93290be8095c2c235e2f358edbb16624d7,2023-09-10 00:00:00,806890
93,00000000000000000000d36cc275890ff7104758f535dabf211e54cc21b2049b,2023-09-10 00:00:00,806889
94,00000000000000000001c776a74c0c6a190559f4cbe1b8730ba7c5af4926e84f,2023-09-10 00:00:00,806888
95,0000000000000000000020abcc68b13faf24df946cf0c72bbe4647e352ebbe3a,2023-09-10 00:00:00,806887
96,00000000000000000002be569963f99f74097c86d918e370e05d7be6c2a5899b,2023-09-10 00:00:00,806886
97,00000000000000000000470a5a87bfeffae001032eac0e156b4e21943c51fbd5,2023-09-10 00:00:00,806885
98,0000000000000000000117d745d928b7536ee73f46b51efc28208aee4bbd898d,2023-09-10 00:00:00,806884
99,00000000000000000003267675118b412e902703fbc9a3dcfbf894e7e831a92a,2023-09-10 00:00:00,806883
100,00000000000000000004ba38b176869a6624f3b452233c7abab65ad2f745da57,2023-09-10 00:00:00,806882
101,000000000000000000008aa2b5b71b7fd2e841a134c831379c4213d4576bf861,2023-09-10 00:00:00,806881
102,00000000000000000002a2e71aa50cac55744728af582ae5e588ebd19a4dd157,2023-09-10 00:00:00,806880
103,0000000000000000000313c7bfd17d8c7e98bfdb4efdb0fd9f66af049bfaa180,2023-09-10 00:00:00,806879
104,00000000000000000000c90d5a58eeef82576ed88aba3217d7c8837555f62641,2023-09-10 00:00:00,806878
105,000000000000000000023c40ede8b4b65a71479289a1ceebac323fe0064a8ea6,2023-09-10 00:00:00,806877
106,00000000000000000004743d04a15cd08e72b1ab8a86988cfdaa34970c866677,2023-09-10 00:00:00,806876
107,000000000000000000039cbe253a7c5e327c3712c303dd147a7626a925456e42,2023-09-10 00:00:00,806875
108,0000000000000000000098f8c712f48d924fb5688a1aebf8248ebab6d486c7d1,2023-09-10 00:00:00,806874
109,00000000000000000004c8756836cbd46c730f46b964503d27e56d381aff2c18,2023-09-10 00:00:00,806873
110,00000000000000000000c035ade33e8a1a0b1c5e7dbbc3eb008a83debf3486da,2023-09-10 00:00:00,806872
111,000000000000000000014ddc14da6e260ef196f2b52ef31619d25ebaff87dcf2,2023-09-10 00:00:00,806871
112,000000000000000000007b585a10b65a31c273a85af7aced05d299d4a99a0f29,2023-09-10 00:00:00,806870
113,00000000000000000003016f10ab5bc8fa8234786641edfabcd7880192293591,2023-09-10 00:00:00,806869
114,000000000000000000013ceca9cc5021be6163aee5372bf616a9703b68acbb28,2023-09-10 00:00:00,806868
115,00000000000000000000087971d908288bbbf9af5c4a346315bf6f063eb7c63c,2023-09-10 00:00:00,806867
116,0000000000000000000179774eabc948fc65401b22b763461c22e28e0a82a7df,2023-09-10 00:00:00,806866
117,000000000000000000052fefca5f7d0e9c65884f1517a0b2a0e96579a15f574e,2023-09-10 00:00:00,806865
118,000000000000000000015968824f4a1a9de1075ee536b7bdb616714f3cb5ef24,2023-09-10 00:00:00,806864
119,000000000000000000033bd38e7db515c37099e47aa219b33ac102a26c110c10,2023-09-10 00:00:00,806863
120,000000000000000000025d6b184b40cd9bc29568ed56edc003f182b196f447bf,2023-09-10 00:00:00,806862
121,000000000000000000022b71992b223a1deef3d6df02a17719e754ae711255a5,2023-09-10 00:00:00,806861
122,00000000000000000000ce919b3e94932e0f494b86b6501b26e108fa44e97b62,2023-09-10 00:00:00,806860
123,0000000000000000000396680b022e52e7a800b0e404ee40ff99c784190d892f,2023-09-10 00:00:00,806859
124,00000000000000000003141d48c1bdf11fad87329afd2840a826d28389eb1b0b,2023-09-10 00:00:00,806858
125,00000000000000000001e77f61615f142a7ca52d0b34182c40ff6b8a3afe106b,2023-09-10 00:00:00,806857
126,00000000000000000002f66aa2409941061167463d5d980422199995a0495b60,2023-09-10 00:00:00,806856
127,0000000000000000000184d9cd3563046d762d3b4fa5d54fc35ce083ff750163,2023-09-10 00:00:00,806855
128,00000000000000000000465b3a1b48eee92855ca51aa3716ad275f34a1a9ecfa,2023-09-10 00:00:00,806854
129,00000000000000000003a0a3c2f873145ffd7f4419d031c53670c33511080c87,2023-09-10 00:00:00,806853
130,000000000000000000027d6c1690448b898ceb627ac48ab8286f4bf8e5a060d3,2023-09-10 00:00:00,806852
131,0000000000000000000302996811662b3f888e3d893132791431c204360f32da,2023-09-10 00:00:00,806851
132,00000000000000000001488da572c151642d44aa2b6722ad0527ffeab9693d62,2023-09-10 00:00:00,806850
133,00000000000000000002085efd61a4c256e7f9e6139902e85ffcdded08778b30,2023-09-10 00:00:00,806849
134,000000000000000000026ad03ca487d69171db0b4c9282f1d2c0a660fa197a36,2023-09-10 00:00:00,806848
135,0000000000000000000478a74e3f05a8a215b26e2615d401df7961f482c7002a,2023-09-10 00:00:00,806847
136,0000000000000000000490ebc6d651bbcbd22c6f3f20a983f61d815236372e0f,2023-09-10 00:00:00,806846
137,00000000000000000003c28763143a6dfaa710bda8fdd0ba379de5838cdaa851,2023-09-10 00:00:00,806845
138,00000000000000000002d56d58fe14dada31f040b6e1e5bcef47f862353f2ca7,2023-09-10 00:00:00,806844
139,000000000000000000032541ab290c21e86a405022899708bbac4f1686e3c8d2,2023-09-10 00:00:00,806843
140,000000000000000000043d165d9b0b7e56cb7c6fcba1ead7c2661d531fc94d23,2023-09-10 00:00:00,806842
141,000000000000000000042dc9bc79ec1e7f002f70be9a5e4d8bd622424424793b,2023-09-10 00:00:00,806841
142,00000000000000000002d9ccecc5dc43d28a46f15a81ac941266df70a79be65a,2023-09-10 00:00:00,806840
143,00000000000000000002bb118592dfc7c696768d0043644408f6e453c274d72f,2023-09-10 00:00:00,806839
144,000000000000000000012acb3691cf28c31b5cdf39ef634219d593fea55adaf3,2023-09-10 00:00:00,806838
145,000000000000000000011f838a97ae7a36f93785246678ec63a31c7a0ad5bc99,2023-09-10 00:00:00,806837
146,000000000000000000022f9d2f2e54988c4570b1a339185321adb1ae71214099,2023-09-10 00:00:00,806836
147,000000000000000000023df9ad7b34dd72fa0aabbd4f2980dd41e9fd7974586f,2023-09-10 00:00:00,806835
148,00000000000000000003ce9de7e7832ae6184567606b0d8979368b6384478f53,2023-09-10 00:00:00,806834
149,000000000000000000016b254c5f8f791392b52977be0b4a1bf8f979899a7f42,2023-09-10 00:00:00,806833
150,00000000000000000002d66ac11bedb430568f460fb42575e9abdf63a028f0a1,2023-09-10 00:00:00,806832
151,00000000000000000003ad8e5b648f77569b573a54826402b04f8b5cee5f5868,2023-09-11 00:00:00,807126
152,00000000000000000002a21166989ec492b1598378321a8794047ddb23514851,2023-09-11 00:00:00,807125
153,00000000000000000003600438a2ba8c522d2121b2990a25c23bdfbd7447797e,2023-09-11 00:00:00,807124
154,0000000000000000000304fb033ca0cec6f1392a231170c69c7ffc0c62f42d87,2023-09-11 00:00:00,807123
155,0000000000000000000199e3240c9acf7abe0b22023f706090d93642406e49d1,2023-09-11 00:00:00,807122
156,00000000000000000003359295cece498ecc197ed40234b4bc49e88318a2000b,2023-09-11 00:00:00,807121
157,00000000000000000004d1f1dc6801ff109ce39da077df23828b4802f92b307b,2023-09-11 00:00:00,807120
158,0000000000000000000268677a8d1556723158c03c22e684a9d37941e8b4f7bc,2023-09-11 00:00:00,807119
159,00000000000000000002dbf9d0bc1c743ac17bdb60d5c6abc8cd94f2d253621d,2023-09-11 00:00:00,807118
160,000000000000000000012c24b3d855b1aaed9d7f531d866aa332d8c87a9d8dae,2023-09-11 00:00:00,807117
161,00000000000000000000b8e97b8326e4f8a66626fc6a6bc7d2eedee8903b9d7c,2023-09-11 00:00:00,807116
162,000000000000000000044cbb4379df6b8acd89e1fd562f5c17302d5daaedd87c,2023-09-11 00:00:00,807115
163,0000000000000000000450cdcb5bee6d8cc47c43d5bd7c62a1e4844f4b80f329,2023-09-11 00:00:00,807114
164,00000000000000000004f3555df6446b476af46f12a4c738d7b05f5009051050,2023-09-11 00:00:00,807113
165,000000000000000000017a69369f6946b54e41388e1d8f6647e2f4d1dd00f8f4,2023-09-11 00:00:00,807112
166,000000000000000000049dc195e9f8782527b7b1572a84b055e2b1c940533d1b,2023-09-11 00:00:00,807111
167,00000000000000000001d5221dbac14b8fa34ab1466fae149539288b5eb5362c,2023-09-11 00:00:00,807110
168,00000000000000000002b5352ab140b91747f8412f8ab14aecfcaaeedeab9659,2023-09-11 00:00:00,807109
169,00000000000000000004aeb6bb08965d91671ab5627830b7114727df8aba4452,2023-09-11 00:00:00,807108
170,0000000000000000000464e60a028c796ca952f91bf6df4be3c2119392aaf2ab,2023-09-11 00:00:00,807107
171,00000000000000000001f568975252ff405fc9dd1a2bd8850e25d9ca26f6b452,2023-09-11 00:00:00,807106
172,00000000000000000002d00b3a67c01c79535037afa1912d9b5693cba1eafcbf,2023-09-11 00:00:00,807105
173,00000000000000000000455ff5b07d3b78cf20f194e4d47501fb0ba58fbb0357,2023-09-11 00:00:00,807104
174,00000000000000000002cc5947ad04e9f2907887d794dd124ba30ef2558d2769,2023-09-11 00:00:00,807103
175,000000000000000000007fd4406fe1345e94439107df0f0498b2799e37a278e8,2023-09-11 00:00:00,807102
176,00000000000000000001b776e3956f3e3369edf08d1cb58548ff65a7fc79edea,2023-09-11 00:00:00,807101
177,00000000000000000000ec645e8551a106ef8ea6ea8fcf4248491cb0f90e91fa,2023-09-11 00:00:00,807100
178,00000000000000000004d13748dc938a78bc0f215aba38830990b1599b0c26d6,2023-09-11 00:00:00,807099
179,00000000000000000002fff84bd2e91cabb219edfa27ba551dacb5ab68f365ad,2023-09-11 00:00:00,807098
180,000000000000000000053090e81c6bd046405e0dcb7986eabfa80ae669628d4f,2023-09-11 00:00:00,807097
181,000000000000000000022091a8792e03c36c56527733067f7b07b2929fb7ce54,2023-09-11 00:00:00,807096
182,00000000000000000002df6a59858a1cc56fce581849f81177ba4f8db6a6cfba,2023-09-11 00:00:00,807095
183,000000000000000000002c4a544d3f07d8f3a58dfc172b2fd3b609b3797f18c2,2023-09-11 00:00:00,807094
184,000000000000000000031d7a78e04f0aeb7d17c0c35a0a2730486143cd1d7b8a,2023-09-11 00:00:00,807093
185,00000000000000000001c372515c42abca6f05767194a40c6aa103ec4336b23d,2023-09-11 00:00:00,807092
186,00000000000000000002c945c0c804568300b5f8437a4bb867942ef64c571d59,2023-09-11 00:00:00,807091
187,0000000000000000000296fc86d0aa3565fff8e4d2042c8793812144feedc2df,2023-09-11 00:00:00,807090
188,000000000000000000009aaa36de71a65b5cb51bbd8dd5c06ff7385c8aeff24c,2023-09-11 00:00:00,807089
189,000000000000000000008743f7a34808c9edd0a5754e3af2d25426b983877de8,2023-09-11 00:00:00,807088
190,00000000000000000002f30d2b5e8e12b9985f112b5455d24c08f6f093a5d46f,2023-09-11 00:00:00,807087
191,00000000000000000003721a13a21c74bfa4b8733f6d53b7c9abc18ce9f98fd9,2023-09-11 00:00:00,807086
192,000000000000000000029b2634979600417bb91bc81cff15deb67f7eef245d80,2023-09-11 00:00:00,807085
193,0000000000000000000066b18ff79a03709383be16e5f6154c68eec44df1cf18,2023-09-11 00:00:00,807084
194,000000000000000000008aa749e312e83f34ef4491e40ba74291d2c80ee1cfed,2023-09-11 00:00:00,807083
195,0000000000000000000505a081e5531bff250a55401967dae9b4b71e5701a10a,2023-09-11 00:00:00,807082
196,00000000000000000004159f1a036c33108271a37a0fc0f29ebdcc626a75f944,2023-09-11 00:00:00,807081
197,000000000000000000029d3afb080a24e2515f67376f6df53a580c366532494f,2023-09-11 00:00:00,807080
198,00000000000000000003960bf1c27e36a01e7c18d30ddf2aa29cfda30a115711,2023-09-11 00:00:00,807079
199,000000000000000000003340ace96143cda0fd18386629a4fcff933cb9ec8825,2023-09-11 00:00:00,807078
200,000000000000000000044a9ed7fe6329477193e05756837951b729365b3d298e,2023-09-11 00:00:00,807077
201,00000000000000000001f5b0666efe1703765e4483108f3cf41152e33bd1ca9d,2023-09-11 00:00:00,807076
202,0000000000000000000267c80c4dc6501b62e31ad71c3c6c1c960caf3db8178c,2023-09-11 00:00:00,807075
203,0000000000000000000413585ce10cc7bb58d795b50fa30e6942c9b810c2fd7b,2023-09-11 00:00:00,807074
204,00000000000000000001e4a7e15468e3359c3ed0bc235a11bcb8190c7b4ad0be,2023-09-11 00:00:00,807073
205,000000000000000000049ed355e9e6adb745851603c1ac7b693ef367f9adb813,2023-09-11 00:00:00,807072
206,000000000000000000007924e9c15a84b52f70b623ccdf9e7bb5633ec60ffc8b,2023-09-11 00:00:00,807071
207,00000000000000000001820bc8832bf5e5b7c6274b821b1d5889105bf5dc17a4,2023-09-11 00:00:00,807070
208,000000000000000000021832d588584311d3deb883527e571af56b012776510c,2023-09-11 00:00:00,807069
209,00000000000000000000d9dbd7072db4f70a8ba9fdeec7c5f90988d52c1decb9,2023-09-11 00:00:00,807068
210,00000000000000000000aa948af522d450a23116ebdb1b34da8ca972b328ed59,2023-09-11 00:00:00,807067
211,000000000000000000018798bab063f55435b826ecdde0ab4e2a6e9a29bbdae9,2023-09-11 00:00:00,807066
212,000000000000000000030786b8a101ba2946a1ada1f0d7886b5103972f197450,2023-09-11 00:00:00,807065
213,000000000000000000038251ca0a577ddb451068cb395d7da81cf0a5d864dec1,2023-09-11 00:00:00,807064
214,00000000000000000003e1d135dc84ce5905ce38416add970040880cfc112a0b,2023-09-11 00:00:00,807063
215,0000000000000000000374a9eff7c496424e4aa656fa21199c03aafa202fc0ec,2023-09-11 00:00:00,807062
216,000000000000000000000031bf126ebcb4915fb443a360f9c25cf19cb3dff669,2023-09-11 00:00:00,807061
217,0000000000000000000293a47fa3e44f23b38919c75b5c874b8eeba472299e53,2023-09-11 00:00:00,807060
218,00000000000000000002419e9b318cd5909ffbc284a1b2440182c24023a559aa,2023-09-11 00:00:00,807059
219,000000000000000000045c827dfe3965b5c7517f9cc080cb88e5dd1da8d173d6,2023-09-11 00:00:00,807058
220,00000000000000000003c71f775c304277b2afce5c70c557f24d5333d524a35e,2023-09-11 00:00:00,807057
221,000000000000000000050c325a1430438b073e4c59a3b4c4f7b35bd67b865e68,2023-09-11 00:00:00,807056
222,000000000000000000010ad4fdcbc701344024885259538687459595e752673f,2023-09-11 00:00:00,807055
223,00000000000000000002fb5f77b7ac2f0b635530669745422a45e0a6871f9758,2023-09-11 00:00:00,807054
224,00000000000000000004fc3c99b7f3348044e708eb6069dbc8f7c2de7e5dd27e,2023-09-11 00:00:00,807053
225,00000000000000000004c1eddaa456e65b890c222cf06e94f10e1b990568d329,2023-09-11 00:00:00,807052
226,00000000000000000000e97d0a9f6cc7cfab9e1ba3808b85afaccc211580ffa9,2023-09-11 00:00:00,807051
227,000000000000000000000522d0db378a8620ff3daf0f98b77f7db5b3a7029176,2023-09-11 00:00:00,807050
228,00000000000000000003163226f72eb9b4ec43ca9855430b0a79f1a9e5779cd6,2023-09-11 00:00:00,807049
229,000000000000000000049c26dcccd3ea758f62c21480cd92557146e21cc6c696,2023-09-11 00:00:00,807048
230,00000000000000000002cb6ff8308b0270065a642074043802db8bf86401214b,2023-09-11 00:00:00,807047
231,0000000000000000000142792ff46e8c24fbc202d1c7d0e83f2f8c8e01532536,2023-09-11 00:00:00,807046
232,00000000000000000001af36db3cfd1ebf388e3e5a6d6c612c32649ca9f3f9eb,2023-09-11 00:00:00,807045
233,00000000000000000004bb10f34a8519a0b479b54cb4650e87f9676e701b190d,2023-09-11 00:00:00,807044
234,00000000000000000002af2a05b67c1c9c06d57e243c792f31419f698aa9c241,2023-09-11 00:00:00,807043
235,00000000000000000001fe04e9defcc26587d301220b04234ecd4c3c1327a8f7,2023-09-11 00:00:00,807042
236,00000000000000000003a6a8d92ae8d28a05fd965f2e20269e508d0795ce656d,2023-09-11 00:00:00,807041
237,00000000000000000000a2e02dca99c88c6924c6fcf1d70a0b7451716f77bc29,2023-09-11 00:00:00,807040
238,00000000000000000002651b97996b2f8e0d7932cc6a57489b4d4edf16d7489e,2023-09-11 00:00:00,807039
239,0000000000000000000485380504697455e33fe6759f9ab2735b02da46cc0dae,2023-09-11 00:00:00,807038
240,00000000000000000004915a4c6c1560f95d73b45a35b5fb5652c4327a9ce1a8,2023-09-11 00:00:00,807037
241,000000000000000000021ba02e6f83be9af8c7becb3faa6718bb5f47c6f9767c,2023-09-11 00:00:00,807036
242,00000000000000000001295b87ac95f1dd391f2cb7bd408d13f607f4d4428822,2023-09-11 00:00:00,807035
243,00000000000000000004995d6f3647a46e6f397647059e1f0f761d040f75e952,2023-09-11 00:00:00,807034
244,00000000000000000003beaaa8db09b9c042dc9bbe58c246314ad735c7005845,2023-09-11 00:00:00,807033
245,000000000000000000025140dc44dcdf63048660ed327f7614dc75afb38b4856,2023-09-11 00:00:00,807032
246,00000000000000000000ea680d1003a23e71ad046635e3641929d0b4d5f00749,2023-09-11 00:00:00,807031
247,000000000000000000035c4bdd235c209658a448db4998511b6c2f8b742c79f6,2023-09-11 00:00:00,807030
248,00000000000000000003abaebbfc384d3f6bc2b05d8c7e8cd5cabfd8d34579de,2023-09-11 00:00:00,807029
249,000000000000000000022816a46274f3ef59e70501e32e23e346669b7c3d4ba4,2023-09-11 00:00:00,807028
250,000000000000000000046ef19740f4b1684078e444fd7a78942cf114e3e5f77a,2023-09-11 00:00:00,807027
251,0000000000000000000256eaa82fdd39815e7a01524a492be3084e11228b9668,2023-09-11 00:00:00,807026
252,00000000000000000004b9b035e943506891fb2433be7f5a83de593059fc8067,2023-09-11 00:00:00,807025
253,000000000000000000045ad846694f7424b135b0b9e4f271693235a304f134b6,2023-09-11 00:00:00,807024
254,00000000000000000000581e892acb29542eb04c2798fd7c6ff4eae7ba3dc71f,2023-09-11 00:00:00,807023
255,0000000000000000000457d54ac48aac658576e3a4778e8d6469ce9f60a375cf,2023-09-11 00:00:00,807022
256,00000000000000000001a85e1c62162643bb543dc38699b71fd2e1de91881b38,2023-09-11 00:00:00,807021
257,000000000000000000005c982525e5209e572ee818a6b6750e87fe87bb76578c,2023-09-11 00:00:00,807020
258,00000000000000000000f28eaa925b04d3acf0aa6b2c10b5b041a426112450da,2023-09-11 00:00:00,807019
259,0000000000000000000483ed6b5f9ce548d7d995568f94bc909d73159a651f48,2023-09-11 00:00:00,807018
260,00000000000000000004c4853e81274da5e0cf0b420b234e747eafd02fb74a5f,2023-09-11 00:00:00,807017
261,00000000000000000003f9c06e9940ef4d5f06d1ba486eb67b0765650b6affa2,2023-09-11 00:00:00,807016
262,0000000000000000000247e9554e70db89bb5f5f234bcc6f3b4a3f94dd9c8c56,2023-09-11 00:00:00,807015
263,00000000000000000003cdf245d3b26d0899fcc5321c166862fd470dbb2a5ae6,2023-09-11 00:00:00,807014
264,00000000000000000004b2b87633e415b1588d9b245213775f58db9665702ee5,2023-09-11 00:00:00,807013
265,0000000000000000000386c329408c704e2b7e16cffd43270cf0c7c4579b21f7,2023-09-11 00:00:00,807012
266,00000000000000000004983da9c3ba41c1a9ad178cb56ec60c3e31ba3f974838,2023-09-11 00:00:00,807011
267,0000000000000000000113ee6788edffe5b8cdea2c9fafc428f702d664678af0,2023-09-11 00:00:00,807010
268,000000000000000000041cfe7e2f6d02b1606dfeea756055ba215d454f394771,2023-09-11 00:00:00,807009
269,00000000000000000002790a6f420ed8653ecad7ec874dae9c3c3408e79da6a7,2023-09-11 00:00:00,807008
270,0000000000000000000528fb0e92c1e79378a1b241eb144ca0f97054fdf42dfb,2023-09-11 00:00:00,807007
271,000000000000000000026271caeaaa083b77aef26b8fa4ec4c03322fc206fa6d,2023-09-11 00:00:00,807006
272,000000000000000000040e37072a64cbff0acb8ff85c7f76c1ad704c6c851eb9,2023-09-11 00:00:00,807005
273,00000000000000000002858263e69a94a26b5f46060ee715e4c014b3fa295eca,2023-09-11 00:00:00,807004
274,00000000000000000004d065229b127e0929eeeaec2c26a2bea96aaacb2c6d85,2023-09-11 00:00:00,807003
275,000000000000000000015d9af5dac4ed362a0d2324e31741ea80df8a8c6e6a64,2023-09-11 00:00:00,807002
276,0000000000000000000130e9fb5b0cd093428885120afa231fce219cad98a962,2023-09-11 00:00:00,807001
277,000000000000000000014fade1a7bac21dce812cb6ffbec36bab94c04a144c79,2023-09-11 00:00:00,807000
278,0000000000000000000158386f34c4728f68b5eb7d24067dc1f621b429ef0bf1,2023-09-11 00:00:00,806999
279,00000000000000000004831757558fd84ac50a330abd039f5928663b773fc8ad,2023-09-11 00:00:00,806998
280,000000000000000000039dbcebb70d0749a3b1a5963c64a946c76bd8c9f4d308,2023-09-11 00:00:00,806997
281,000000000000000000012b46fb03450bc90f67064e101932013b4dfb35b402a8,2023-09-11 00:00:00,806996
282,0000000000000000000426ea370e06ec3a27a7206674779e1dfea53a92444b76,2023-09-11 00:00:00,806995
283,0000000000000000000332b1365a3efd8d3b15c3e50798f784a2b3b2fd7540ae,2023-09-11 00:00:00,806994
284,00000000000000000004b0302ad857edb60933acc73807307acc1cd15cb035df,2023-09-11 00:00:00,806993
285,000000000000000000020be30d9bc10ed203be4fb73130abbcb6f8948cd2aee0,2023-09-11 00:00:00,806992
286,00000000000000000004c2afda9af8c275b1254e32ab819a31628ed67aa76df0,2023-09-11 00:00:00,806991
287,00000000000000000004897b55cdcdb3503c5da7386d4cdd15ff8671ca6abf4b,2023-09-11 00:00:00,806990
288,00000000000000000004c759c434a17545af1aa7bae846cc86a679e22689f01b,2023-09-11 00:00:00,806989
289,0000000000000000000062c71378856c37a99967241fd7cab5cab479766d5b15,2023-09-11 00:00:00,806988
290,000000000000000000003c95eb7dd9efca9ccd84f4f00032d9aff5e842c0763f,2023-09-11 00:00:00,806987
291,00000000000000000001db9a0bf5b43110d7e98dce72fc7a1f338d059114cdf3,2023-09-11 00:00:00,806986
292,00000000000000000001b941c9d595618f1795186c84bdafaa79c10f79bf3cfc,2023-09-11 00:00:00,806985
293,00000000000000000003b3524c273dbc9103516bf99a136d8379f27993491298,2023-09-11 00:00:00,806984
294,00000000000000000000c962477792462033f6446685ea3df0f65f7a97053b72,2023-09-11 00:00:00,806983
295,000000000000000000010862f6ef5f47744ead8de2847bf3bb64e072c1fd746c,2023-09-12 00:00:00,807290
296,000000000000000000052a8aecd9e7acaaf6efd513828e870eb3120213af77e0,2023-09-12 00:00:00,807289
297,00000000000000000000c5f92f3a295df5bd05c1442bf6b157d6ae2c1b5c2bbb,2023-09-12 00:00:00,807288
298,00000000000000000000d24358d1d5726c5d8b391f177ec3aa47ec57454670c6,2023-09-12 00:00:00,807287
299,00000000000000000004d961ec89cbbcd8364b2ebd08c1cb7e078477a5796cc2,2023-09-12 00:00:00,807286
300,00000000000000000004391df024ad927dc7cb69c13086e90f6ad575697b67c5,2023-09-12 00:00:00,807285
301,0000000000000000000092a1511f74e054fa828ce1cb1eae424ce78bd7963349,2023-09-12 00:00:00,807284
302,000000000000000000044a194883e83d42b0a324821c2aaf99d2f9fe51aacc84,2023-09-12 00:00:00,807283
303,00000000000000000002f8f6a88831e06ff881b974d1271944d2bb89014ce57b,2023-09-12 00:00:00,807282
304,000000000000000000048d2afa703debd5586d0a80578c0a4c1310e6b83d8efe,2023-09-12 00:00:00,807281
305,00000000000000000004e9da51361b53257fd808e338e4a315635ce6e9203e22,2023-09-12 00:00:00,807280
306,000000000000000000020505738aaccf23997c0ed599676523bd72bc475832e9,2023-09-12 00:00:00,807279
307,000000000000000000002b5d7df375245f135dcb32ce02e87eb8f07e63a597fb,2023-09-12 00:00:00,807278
308,000000000000000000030a7e7dd963851b8e0e92d559e07953291897b5c65dfe,2023-09-12 00:00:00,807277
309,00000000000000000004ebfac0678cc9bd41192c8b6e9d15ace6699d02c63f2f,2023-09-12 00:00:00,807276
310,0000000000000000000041e55fb49fd55b47bf5cde3690b7a4c7fa18b78cab6a,2023-09-12 00:00:00,807275
311,00000000000000000000151e7aabc1457738530ee778497c02a714a114bfd462,2023-09-12 00:00:00,807274
312,00000000000000000003b19e5022e1d48dab900cacedb6d1ed31c56aa37391fa,2023-09-12 00:00:00,807273
313,00000000000000000002820a81fd3fd7c38ede5c25484f344fca4dff654d8f0f,2023-09-12 00:00:00,807272
314,000000000000000000034847ee6eab833a6f02e3a1732565c3e4bef8de6c6b56,2023-09-12 00:00:00,807271
315,0000000000000000000065fcbf3ebf4e5709b61faf08eba655324e6e3801a914,2023-09-12 00:00:00,807270
316,00000000000000000000d961979f4535e05b10bcd7b659800676a2f11f28242d,2023-09-12 00:00:00,807269
317,000000000000000000014a74f30022ba5889de1c9575bcb42059f0cdd30335e6,2023-09-12 00:00:00,807268
318,00000000000000000002baacd54bac6e5aaa2349912696b081327e108d005f09,2023-09-12 00:00:00,807267
319,00000000000000000000149c76c9c2a7dfaf18e1168fb6dbc7d3b53d2e99efd4,2023-09-12 00:00:00,807266
320,00000000000000000003b745e34d943c04e2a5b4efa34877090fc6d630923144,2023-09-12 00:00:00,807265
321,000000000000000000005c2c149f66d0a7935ae757b7ed38c6e2e2fa83af6f81,2023-09-12 00:00:00,807264
322,000000000000000000044615ab7ffc841f20e0b34c8bddf5d69686eb625e9dfb,2023-09-12 00:00:00,807263
323,00000000000000000001b8fb215d89e456ad6974ddccaf155296d9dc3f934ca4,2023-09-12 00:00:00,807262
324,000000000000000000001d9d17184e2771a72ce6d084448043ab2845fb2803de,2023-09-12 00:00:00,807261
325,000000000000000000039a23b01b0d79fc76871183ff03379280b4394f7ac682,2023-09-12 00:00:00,807260
326,0000000000000000000117488de0320c7ecbe2c278dbcc5147573329f7c552f1,2023-09-12 00:00:00,807259
327,00000000000000000002d5cd7ad52806f4a3fa4bed88699540eb5283a812e733,2023-09-12 00:00:00,807258
328,00000000000000000004571637dae43da059bba5d363d25835f97805688da6da,2023-09-12 00:00:00,807257
329,00000000000000000000b497fa05dcece90812473e09a68fcb29146c368c1a32,2023-09-12 00:00:00,807256
330,00000000000000000003be9ef9074d31eb80bd010ed2d1fc8336106f76d0bc8e,2023-09-12 00:00:00,807255
331,00000000000000000001bc0d2927cec834376e484195a9ab15e36888f49d22b7,2023-09-12 00:00:00,807254
332,000000000000000000048be50990f57ceaa19a58be45938895ebdd7dc09a3126,2023-09-12 00:00:00,807253
333,00000000000000000002cc2c2753db89cb9c4df90bad37b3bc68b8629aa1d5b5,2023-09-12 00:00:00,807252
334,0000000000000000000408881bc6cc58bc825641fef3107c9b81190f4665636a,2023-09-12 00:00:00,807251
335,00000000000000000000a72bb6407a0d72147f384b530df061c9206b34475983,2023-09-12 00:00:00,807250
336,0000000000000000000087eef2260a54a98309bfefc84a017a7ce9d9e521cddc,2023-09-12 00:00:00,807249
337,00000000000000000003b5ec5f237a308580a2b79fa4437343462878bb2226f5,2023-09-12 00:00:00,807248
338,0000000000000000000092c8e9bf4f7f5421ca393716aa68e352cbec7e348206,2023-09-12 00:00:00,807247
339,00000000000000000002ce4b2b54ad022b99e53a9ff04bd96233a5df7ec5b3ff,2023-09-12 00:00:00,807246
340,000000000000000000051e51aa02ca30e4d8aa0df757f812dbaf1fbef6ff1087,2023-09-12 00:00:00,807245
341,000000000000000000010415c5860124aee3dab54ad5955ef8fcd32f2dde2819,2023-09-12 00:00:00,807244
342,00000000000000000003974cebcc3c9bda501dae0bac13485cf081573a3226ef,2023-09-12 00:00:00,807243
343,000000000000000000044e78e8a9c702e2eb2be5a0021687719dcbee1e7be036,2023-09-12 00:00:00,807242
344,0000000000000000000176e252feb07446e13b52f660a44b0af93d517634467b,2023-09-12 00:00:00,807241
345,00000000000000000001ccaace0d2be37e5e048809a0c2c807283ec6eee79d22,2023-09-12 00:00:00,807240
346,00000000000000000002604d3728d97d66586bfba0ccae4f29081f192fd76998,2023-09-12 00:00:00,807239
347,000000000000000000046154932075c6ce9205a8af5103007be824bdb7fdcc1b,2023-09-12 00:00:00,807238
348,00000000000000000000211b9c0cc977469e814965b82f0d4e9c26fcf13fe77b,2023-09-12 00:00:00,807237
349,00000000000000000002a4d9ecfd0c8bcd8b08aed453d3c6fba68ef9bb856d3c,2023-09-12 00:00:00,807236
350,0000000000000000000486f00ab0356f91fd6e48680eb61a07df00416b16e80d,2023-09-12 00:00:00,807235
351,000000000000000000010fc77b258af01a6ada40fec99072ceacc0063354c46f,2023-09-12 00:00:00,807234
352,00000000000000000004c0d362e8c712c0c970d20b520082a7d0d69e21157b19,2023-09-12 00:00:00,807233
353,00000000000000000003794b3760ace007cd98110e7cf9b1faabafbb37677aa4,2023-09-12 00:00:00,807232
354,00000000000000000004a1be66022a528cd3a897d8a65f631cb015996cc66958,2023-09-12 00:00:00,807231
355,00000000000000000003406e1d55b0b64ac90dfce15539d178025c69c176c173,2023-09-12 00:00:00,807230
356,00000000000000000003a82140eea986f733a4d9bae02884e7f1705432ed8f65,2023-09-12 00:00:00,807229
357,000000000000000000000e3c4be37860dc4e70bec40a2e80ce58b5ce836bfcac,2023-09-12 00:00:00,807228
358,00000000000000000001e78b7d2b3353ad88e7db316e96474d0265c3228cbbc1,2023-09-12 00:00:00,807227
359,00000000000000000001552cb84a6cd04ebce321d3b07004fdb53394fc4f0bf6,2023-09-12 00:00:00,807226
360,000000000000000000041ccf956b59423949ecf74aafb9ed61ce1f09aafa969a,2023-09-12 00:00:00,807225
361,00000000000000000001256bb7991680c24368576a1b6d7990b62bd8c59e5d42,2023-09-12 00:00:00,807224
362,00000000000000000002a3994fb3fb63cd5f11916008caa0a4b0454756b574d2,2023-09-12 00:00:00,807223
363,000000000000000000043a2ba78e5f1d8db51d6403578dd1ca9dd6f182d54f92,2023-09-12 00:00:00,807222
364,00000000000000000000d34b5122eaa6e6189561a74b917594a1c79a575c3b97,2023-09-12 00:00:00,807221
365,000000000000000000052f9ffc3077774ab99ff13849b089179e1d3cf2600d2a,2023-09-12 00:00:00,807220
366,0000000000000000000526248a299c27aa44d9d121988b210f3cfdbe5a61176b,2023-09-12 00:00:00,807219
367,00000000000000000001871000c36373d28618303886e58a2f3717e1ab03d9ed,2023-09-12 00:00:00,807218
368,00000000000000000002a62dcb4c47b28af706770b0d4a984f22a83b28df70c7,2023-09-12 00:00:00,807217
369,00000000000000000001ca206cab1360b672d341d515e8f160ab05802ce7fb25,2023-09-12 00:00:00,807216
370,00000000000000000004e785f6c9682f53d8c17b1eee6fe1c8683d289348fe30,2023-09-12 00:00:00,807215
371,00000000000000000004b6f6995d83e530260f4ce7ac0e72ccdd563cd28f5e26,2023-09-12 00:00:00,807214
372,0000000000000000000360971cb66c19bc2124b37176156020df4adeb37af38b,2023-09-12 00:00:00,807213
373,000000000000000000043dc61cd1650e0df6d01c56470c133beabdb3d1912b6f,2023-09-12 00:00:00,807212
374,0000000000000000000055d5f868e6ac986c0a3af8969ece6fa6d93432b976ea,2023-09-12 00:00:00,807211
375,0000000000000000000030dfc242b55eeeaa3da6cb9094baa427249e3b6263b7,2023-09-12 00:00:00,807210
376,00000000000000000001b4659fefbfe5748cb202645e6de3007e3178c023e5b7,2023-09-12 00:00:00,807209
377,00000000000000000003cada5960569fac7b1200a63c4faef531a2c4642ac95d,2023-09-12 00:00:00,807208
378,00000000000000000003cb4305dd9a1585a498b09159250187c090c94cea1e03,2023-09-12 00:00:00,807207
379,0000000000000000000521f33f6af8106dbc93cf0560cebc3c9ec708c2ce05f5,2023-09-12 00:00:00,807206
380,000000000000000000046e9713411a8f7bba9052be13a766f76feecef89335e8,2023-09-12 00:00:00,807205
381,00000000000000000004810458f88892836fb862589b19fbc26de3d9834983d9,2023-09-12 00:00:00,807204
382,00000000000000000001ba68eab3d76a0ed8e2688c2391522686cad9292d076a,2023-09-12 00:00:00,807203
383,000000000000000000015d912cc9634f406c2206735d7717a733ae3c1ea36653,2023-09-12 00:00:00,807202
384,00000000000000000003fee050ec9f19120c0b5a2c61289812f5ddf7c4e47391,2023-09-12 00:00:00,807201
385,000000000000000000042f97d381a918f231eace1072a5cccaa791585b54e5d6,2023-09-12 00:00:00,807200
386,00000000000000000003a4ba03684387ecec2e6821890a4f0a14b7c40605661a,2023-09-12 00:00:00,807199
387,00000000000000000004a7220792512d60275ce418a0db46ab6675b22ef425dc,2023-09-12 00:00:00,807198
388,0000000000000000000530f86e26fdfb67837912d43d2c63abeca7fa85c9c2dd,2023-09-12 00:00:00,807197
389,00000000000000000000a681cbea61dd9bd10d1f1739548895544b6bdadfe570,2023-09-12 00:00:00,807196
390,00000000000000000001540e7e6ae6f6a1b365ca5f4caedb9958430f0b75e3bd,2023-09-12 00:00:00,807195
391,000000000000000000036577a903bcebf06714e6826044de11bd3f0ba727c973,2023-09-12 00:00:00,807194
392,00000000000000000002ef3e3aa0bc888399b493ce8a9d5ee1a97893aa3896ab,2023-09-12 00:00:00,807193
393,0000000000000000000034b075fc26941540ee5730f16cc72dc5df6ef86060f6,2023-09-12 00:00:00,807192
394,000000000000000000038b9515757e023926d68ab885bd74dbd3664a70664256,2023-09-12 00:00:00,807191
395,0000000000000000000228b0ec82d41d569a5ef3634f2b3b28323df32b1d7988,2023-09-12 00:00:00,807190
396,000000000000000000022970bc0384ebc30ca247def85af70b9751dbefa5e070,2023-09-12 00:00:00,807189
397,00000000000000000002825b4652af6031a2d70161a190a036ca412ff09852ef,2023-09-12 00:00:00,807188
398,00000000000000000001e9922172ec945d8b0eb343209270169644ebd74e9603,2023-09-12 00:00:00,807187
399,00000000000000000001e2f7a3d8a51aaa6a906699c7629420e6fca243b7b462,2023-09-12 00:00:00,807186
400,000000000000000000010daa7cf989909ab37419c475775fb46ac3fb6811c565,2023-09-12 00:00:00,807185
401,000000000000000000006ed7034315d6b93d9f3c704e58fe671df8e8ccd24fff,2023-09-12 00:00:00,807184
402,000000000000000000018e4d3f02e1f03a72989d924531f78509efc70a6593a4,2023-09-12 00:00:00,807183
403,000000000000000000032a7d5fd5eb3e52b73dc9adc1962cc81eb945939ea94d,2023-09-12 00:00:00,807182
404,000000000000000000029370f02bf05665cd8a4e900bee45b3936f418f7287f2,2023-09-12 00:00:00,807181
405,00000000000000000003bfc47ca6671c53c74692277aecf59eb44c654212ecec,2023-09-12 00:00:00,807180
406,00000000000000000002879a983344fc476eaf92aad62a3e56e0695236247f1f,2023-09-12 00:00:00,807179
407,000000000000000000036363fceb8cddbf772a3fce1b4dce3535c7e7cbfbf2ab,2023-09-12 00:00:00,807178
408,000000000000000000030571db6bdfa9ca824284f7bf073e9179235fba4feee1,2023-09-12 00:00:00,807177
409,000000000000000000015b9ed558a99435bff3cc561d70d4f60e723aff093ecd,2023-09-12 00:00:00,807176
410,000000000000000000026b7f47d18638c29e9bbdb84fa4652f4332bead8c5244,2023-09-12 00:00:00,807175
411,000000000000000000014ecce7139d9e7b8c3f15386ca9425ec65e6f4a812558,2023-09-12 00:00:00,807174
412,000000000000000000018bf2a453006799706729582241af8e91dc7e0f307ff6,2023-09-12 00:00:00,807173
413,0000000000000000000169181cd9768d01392fe4e5e49083440bafeb9ceddfa8,2023-09-12 00:00:00,807172
414,00000000000000000000044c7c1f243ee11a86e20cc6fbc84a876a2c3b467f9d,2023-09-12 00:00:00,807171
415,00000000000000000004aaf0e916b75baf1e446eef8a5ea3a11587806e10d7d4,2023-09-12 00:00:00,807170
416,0000000000000000000323a7d0cbf5de27ce872f0dff83dce15abfaa04952612,2023-09-12 00:00:00,807169
417,00000000000000000000b202c341464fc3fa9fdbc30d10966010c9fe9bd6523e,2023-09-12 00:00:00,807168
418,000000000000000000036f71d719505e98ac5554b97ad3fe0e1c0c7915e0d2e7,2023-09-12 00:00:00,807167
419,000000000000000000050e81adc79b8507c41293e026eec60032f7428a70bc9a,2023-09-12 00:00:00,807166
420,0000000000000000000167652db50cc71ce1185e1641f040e50327abbf228709,2023-09-12 00:00:00,807165
421,000000000000000000029090f4125614b018653711a0f872ee21ff96808fbf11,2023-09-12 00:00:00,807164
422,000000000000000000042b4d57e68eaec1807fe56ffceacdbff7246a92d2815e,2023-09-12 00:00:00,807163
423,000000000000000000025f05b4d02d25730e282f1ed4af4f24a214bb31cbe376,2023-09-12 00:00:00,807162
424,000000000000000000030dd9446d55bcd4a94e1f7820cfdc505527c6c0702168,2023-09-12 00:00:00,807161
425,0000000000000000000496c46a3c6b68591cf33b73f5cc1c8c22439743b874fc,2023-09-12 00:00:00,807160
426,000000000000000000023e85a9488d629d113fedc660579a1054a9642aacd7ca,2023-09-12 00:00:00,807159
427,00000000000000000002cb9212cab34f67a602cb407293e974ca2831b8b1a9e3,2023-09-12 00:00:00,807158
428,00000000000000000001ee4c5c977e6e24cea07b8287a40f22dabe31e41e7c14,2023-09-12 00:00:00,807157
429,00000000000000000002f826ecb6e71a77022747fb33ea143babd27c27744d6c,2023-09-12 00:00:00,807156
430,0000000000000000000057c4601d9b9b02098b37106086bb6a48db2ac5744177,2023-09-12 00:00:00,807155
431,00000000000000000003fa32c8eef97ea6a2a41e234b007deed39b370103f20b,2023-09-12 00:00:00,807154
432,0000000000000000000149677d6998154ae8302d8a84f43dcb7274158b809a54,2023-09-12 00:00:00,807153
433,00000000000000000000318c6dc9ab53ec3d3532c81906713d2a5b0391ffe28f,2023-09-12 00:00:00,807152
434,00000000000000000001ae507732368abda27d8d7475ba6e1f5d6ada348ae063,2023-09-12 00:00:00,807151
435,000000000000000000008648785131ae760ebe55aff397c0f0fa091c2eb62997,2023-09-12 00:00:00,807150
436,0000000000000000000487d18b1590d25f0729fa34c3b30bacf23c929780cb70,2023-09-12 00:00:00,807149
437,000000000000000000043c0d3bf69800d3e93c8341aa6d66b7de0a190610c885,2023-09-12 00:00:00,807148
438,000000000000000000000cd675381fc6697780e5c3ac6e8f5f2e80bcbd6ce3e2,2023-09-12 00:00:00,807147
439,00000000000000000001494ff870e7fecafb79e6edd4cb91a99aa71186e170d0,2023-09-12 00:00:00,807146
440,00000000000000000004bb2ae982e5c963b7fcea1727d9506acb889dfecb56ae,2023-09-12 00:00:00,807145
441,000000000000000000014e49738f9b4730112244b03af5b5399bccdebacede30,2023-09-12 00:00:00,807144
442,000000000000000000018a74ceb61e798da07ffc1298c87ecd5f847caa85ad60,2023-09-12 00:00:00,807143
443,000000000000000000035d127411f8bedecf619f9f31e2aad90f1cf290880b30,2023-09-12 00:00:00,807142
444,00000000000000000004b9c22b80a2b7239c6fd9159dfc344ace3a4ab8274f92,2023-09-12 00:00:00,807141
445,000000000000000000037e572cb3bca245c6da4c4103e72bbcfaffe46ba7495a,2023-09-12 00:00:00,807140
446,000000000000000000040dcf3955dcc43c8a6ab727a041083886aa4feb6b36e9,2023-09-12 00:00:00,807139
447,00000000000000000003cfb49ed9a2c0121cd4919747872b33326cc069240069,2023-09-12 00:00:00,807138
448,0000000000000000000360c24397d14810da08f7bca85c8b8c89186d32b46edf,2023-09-12 00:00:00,807137
449,0000000000000000000019cc77623b7a3bed3ee7eed5adb5128d2ca327cf9a89,2023-09-12 00:00:00,807136
450,000000000000000000000e50366620e229037194e36ca39140ec00c73c8383cf,2023-09-12 00:00:00,807135
451,00000000000000000004f49d4bd9731a5658e46c39dc349eb41015e4f261f8cf,2023-09-12 00:00:00,807134
452,00000000000000000002d7cdce4537c981048eac73a532f2c47551131f6bff71,2023-09-12 00:00:00,807133
453,00000000000000000000ed017db2477f7f9711feaad84f3ec64b55f6f0ee9efd,2023-09-12 00:00:00,807132
454,00000000000000000003bc4df749f4da98f60099af8dcd5886a0ddad0e57b9b9,2023-09-12 00:00:00,807131
455,0000000000000000000500b259dff135965c59a4b0d9a3a1cd019cec49f37f33,2023-09-12 00:00:00,807130
456,0000000000000000000264ff03f3cc5ad9d30a1bedef064f28ac4bc6ddcba752,2023-09-12 00:00:00,807129
457,0000000000000000000229b7f346e14161c1b3a7b658b34cc363dbaaca1f6c93,2023-09-12 00:00:00,807128
458,000000000000000000016922f5e18210ea1906e9d087ffd62d56f439222c000b,2023-09-12 00:00:00,807127
459,000000000000000000039c02da26fa7885fd7187950ce79c86c7fba88a3a91ef,2023-09-13 00:00:00,807436
460,000000000000000000017e98a24b6b23cb5c550286ab2372937813bf4decb58b,2023-09-13 00:00:00,807435
461,00000000000000000000ff5790be13e9ad8b4623399b1bb5b9143cb021e1a8a1,2023-09-13 00:00:00,807434
462,00000000000000000003d3c1f038d700ca5aaf880cf0d53627c342c2fdadf064,2023-09-13 00:00:00,807433
463,00000000000000000004533a0c5a2a5de6124c69fab2ac96e50b291768905eee,2023-09-13 00:00:00,807432
464,000000000000000000029acc1ec20adbc7b56c9810744bd6b4a70669ba3383fd,2023-09-13 00:00:00,807431
465,00000000000000000004db90dc8c2ac95b033671b89d4c6694feeaa431b370a9,2023-09-13 00:00:00,807430
466,000000000000000000017d1b376513a022db4efad39875458ba74aa10f0fe27e,2023-09-13 00:00:00,807429
467,000000000000000000010c71e3100954883909f414f5f27a86b137a954be4b48,2023-09-13 00:00:00,807428
468,0000000000000000000386e4a54716e5ae1a913917028d16e2cef3510d385cc7,2023-09-13 00:00:00,807427
469,0000000000000000000195fd9927ba5670f2321b43b1835d01bafe26851da65d,2023-09-13 00:00:00,807426
470,000000000000000000029b52320e660ab5746a355e34f6b4a39c9a8bc0f188e0,2023-09-13 00:00:00,807425
471,000000000000000000041b668ab2959f27a81c8fd6cb48f92c930df67cd8e3be,2023-09-13 00:00:00,807424
472,000000000000000000041c1c900c80fbea9db55efbfadc120829383fd145425b,2023-09-13 00:00:00,807423
473,0000000000000000000167d69f54a9560385894ad4a7da0f6007be7f7b336413,2023-09-13 00:00:00,807422
474,00000000000000000002d4cb7774f73c7a43df51183864256e15e9810bdedfb1,2023-09-13 00:00:00,807421
475,00000000000000000004f8368613429855cca1ee60adcf3de2b599acf2532347,2023-09-13 00:00:00,807420
476,0000000000000000000078346dd0d401982d9fac20b7dd7b6f8f0108e9f6cad4,2023-09-13 00:00:00,807419
477,000000000000000000043482b4434b5521d0159a3df1b1729d135bbb7c773b55,2023-09-13 00:00:00,807418
478,00000000000000000001439f3adeb97f84a90300ec3a4c6358ee3a96a2384ba3,2023-09-13 00:00:00,807417
479,0000000000000000000233c409abcca8377c3c99b96366e54d6c979303274b65,2023-09-13 00:00:00,807416
480,000000000000000000035f160f585af049032e65064265c2132f8168f63b7533,2023-09-13 00:00:00,807415
481,000000000000000000040c42feab3f044a5a4fce5dc550dd68c454d530c07074,2023-09-13 00:00:00,807414
482,00000000000000000004cc8556e25b044e19f81f1aa8833d83aa31b517f72e19,2023-09-13 00:00:00,807413
483,000000000000000000047f0b6b8a60f5a5f8d7371db44b8c4c34880ddd01c9f5,2023-09-13 00:00:00,807412
484,0000000000000000000212adaa847da0f9e99dacd8ec8f682bc145efb86e7459,2023-09-13 00:00:00,807411
485,000000000000000000030f0459d67a1b179d3b641d2434d8fd3e4a2cc559ea1a,2023-09-13 00:00:00,807410
486,0000000000000000000237eb7b85bf9541c4fe167e710df72c06c0204be0375f,2023-09-13 00:00:00,807409
487,00000000000000000000691b4f92c69cc3bc47835ba512f7ea5dd12171f4d92a,2023-09-13 00:00:00,807408
488,000000000000000000034f577a61e734f426f10e73e8a98891c9e709d06e0f80,2023-09-13 00:00:00,807407
489,0000000000000000000408b09b3bb0d166a33525417bd23e069c8993c1131f8b,2023-09-13 00:00:00,807406
490,00000000000000000004e8c6d563ff56a6eefcc23f1336a36535bf33e82eac10,2023-09-13 00:00:00,807405
491,000000000000000000035bb75b4e28a8510d60b00844508455f2bcbeb8a55e5b,2023-09-13 00:00:00,807404
492,00000000000000000003d859a58ba0d73528281cc057a453587d404ea9ac726e,2023-09-13 00:00:00,807403
493,00000000000000000000eff3e8ce3f2dfa5c645b1dda695a1a3e727fb99598b4,2023-09-13 00:00:00,807402
494,0000000000000000000482a241d7e033faee8ed20baedf66530b3b4d2cb86858,2023-09-13 00:00:00,807401
495,000000000000000000007ec61e879bd90ebad7585267aa639ac22614807049e0,2023-09-13 00:00:00,807400
496,0000000000000000000093980f8a22fac2eb29fcc3a5bab790e455e919db0097,2023-09-13 00:00:00,807399
497,000000000000000000026f1892a0d0f81d0d8155272a49b58ddff5842c427a85,2023-09-13 00:00:00,807398
498,000000000000000000002dcf66e23f2b80763cd25eec40aa31f688d9443bdf68,2023-09-13 00:00:00,807397
499,00000000000000000004c403295776545e6bf3748154c62a697e26990c9c0778,2023-09-13 00:00:00,807396
500,00000000000000000003e401f6f134d3b32432aacab3ecdad47a4e72ba5a8a9e,2023-09-13 00:00:00,807395
501,000000000000000000020999d38df8ab4bb8c95ba126568408652033baaca566,2023-09-13 00:00:00,807394
502,00000000000000000000a5212454e65a637158b7e7002ca741147628f65f73bf,2023-09-13 00:00:00,807393
503,0000000000000000000329677497a91633125d60a2de3dcb42e31facffe5320b,2023-09-13 00:00:00,807392
504,00000000000000000001d6d2c4899b67abec910469ac97fd4ec0dd1c3eb4f7cf,2023-09-13 00:00:00,807391
505,00000000000000000000537563e93f2ce87678170441429098c3219c19441af9,2023-09-13 00:00:00,807390
506,00000000000000000001fbe8d69b0bd77fe5d513a0f1bec86e4106b2a8082c82,2023-09-13 00:00:00,807389
507,000000000000000000020623cc6bd2a6780315c16162d72b3ad0f155c0b7e6a3,2023-09-13 00:00:00,807388
508,00000000000000000001eeec67b2a681ebaf80638649609e715450cd514a5036,2023-09-13 00:00:00,807387
509,0000000000000000000357bc6866c2bac9c7ceb3b4d5e3f2ed78b891fbe38d6b,2023-09-13 00:00:00,807386
510,00000000000000000002d040677538bddb3631f56fb1659962d75480259e605e,2023-09-13 00:00:00,807385
511,0000000000000000000118527aa30ffa4b0b0afd60de63453b6fb607cf5a633e,2023-09-13 00:00:00,807384
512,00000000000000000002727f89306b2f56ba27411fc2ebe4e0074cfd874e4a90,2023-09-13 00:00:00,807383
513,00000000000000000002cd06b764b593af6f9c768325b337e2c7c1b4e98c9997,2023-09-13 00:00:00,807382
514,00000000000000000002515db60701f4259e6f80e8aba9cec93ad052d50a7a05,2023-09-13 00:00:00,807381
515,000000000000000000011d32b8104d01c5fac53787169dbd9c4ce7b6ef0c7a32,2023-09-13 00:00:00,807380
516,000000000000000000016adc60d62ffbd0bfa6a1dac361a7139de65714105d06,2023-09-13 00:00:00,807379
517,00000000000000000001474907d7c2f008a6790d99d30a378275b24999d1d5b9,2023-09-13 00:00:00,807378
518,00000000000000000004b6778e7964016331a45be85cb7afc0beeb4f8fdb2490,2023-09-13 00:00:00,807377
519,000000000000000000039db3aadf04f2c15467710fae6a1b944cdd5a4a6fb29c,2023-09-13 00:00:00,807376
520,0000000000000000000067356db64848004d01af7bb493dee9a18d1669ecea58,2023-09-13 00:00:00,807375
521,000000000000000000001c2d398b7d20e9ab5a374019e8ff339d14dcb1770c29,2023-09-13 00:00:00,807374
522,00000000000000000004ef6cd129d053aab11ddf19ca13f21f0a6870f410b092,2023-09-13 00:00:00,807373
523,00000000000000000000a777a81da0ee3a7c79e81172c1c189e809e466efe908,2023-09-13 00:00:00,807372
524,00000000000000000000140fa55989a1472cfe4cd55ea18371bfe51f7fefb409,2023-09-13 00:00:00,807371
525,000000000000000000052da0dce0ce485c4d6fcb8d8123bac1b728900b4c8db7,2023-09-13 00:00:00,807370
526,00000000000000000004366d1551ab3ed05ce3ce2d9928c4300db8c2db9565ea,2023-09-13 00:00:00,807369
527,000000000000000000037ef466dbffc3e6128140e00494ee2e7947c6dde8a5e5,2023-09-13 00:00:00,807368
528,0000000000000000000034bdc26b15e53504284022a1ad09b605beba9f2f386d,2023-09-13 00:00:00,807367
529,000000000000000000017e31033658ba29078319300b6f5f13a040c5e3d28fe4,2023-09-13 00:00:00,807366
530,000000000000000000022296cf6fb5ffe353e76533dfa367c3d5a0c3b4503b6c,2023-09-13 00:00:00,807365
531,00000000000000000000bc27712cf343546ee8fca518ce977531747024b91c6a,2023-09-13 00:00:00,807364
532,00000000000000000002f428034153b4db9d9852c3d2daae3233739171b88f1e,2023-09-13 00:00:00,807363
533,00000000000000000004b163e439ae44a704238d272352c5808a32bd25ba2474,2023-09-13 00:00:00,807362
534,0000000000000000000074465dd7353304913cf53a6268dd2d767eca76423189,2023-09-13 00:00:00,807361
535,0000000000000000000073ebde527d720750b6c3dca8698d8f1b6d855bf6fa85,2023-09-13 00:00:00,807360
536,000000000000000000031e33f1b00995a703bf00467c99aea41959c1a7effa23,2023-09-13 00:00:00,807359
537,000000000000000000015ef4a99f2a921a7d0333cf5f8e4de56925d1bc073cd8,2023-09-13 00:00:00,807358
538,0000000000000000000089e4b9faaa1c9630f33f012163befe2f057bdae70b1f,2023-09-13 00:00:00,807357
539,000000000000000000025e631d95207f055135c151391067df3039359b93a8f8,2023-09-13 00:00:00,807356
540,00000000000000000001f0a381583b6cf23ba204a8e754affe5bf386742d26d7,2023-09-13 00:00:00,807355
541,00000000000000000001360edaf56e449df41c87b70c5d063bbb23b2b1d7889f,2023-09-13 00:00:00,807354
542,0000000000000000000423b7cc3c7d2d758b145a53ac0a66733cec6ee80ee554,2023-09-13 00:00:00,807353
543,000000000000000000012e6cc8bdc8a44505ba39a37277fdccf533c7f8d1bd91,2023-09-13 00:00:00,807352
544,000000000000000000015b5533572c04222e203b61482ddc48e20eedc807aab0,2023-09-13 00:00:00,807351
545,000000000000000000036b5c4c99c5933201f34093cb0c4e5011f9987e2be90e,2023-09-13 00:00:00,807350
546,00000000000000000003e15dfdb2569299d645b6b44de45c28e0a257c561e0bb,2023-09-13 00:00:00,807349
547,00000000000000000003c628e90b1e9a0faf5427f77c81db031dabd12bc9bcdf,2023-09-13 00:00:00,807348
548,00000000000000000001dd957e1a28b68d504450ea5bff71bd7666002efedd0a,2023-09-13 00:00:00,807347
549,00000000000000000004b0aeba2178792400bbb39881cac64edd6cffb85bfb0d,2023-09-13 00:00:00,807346
550,000000000000000000029434d8f650131909fbd3391e3a45c5ac4bbfc4798c62,2023-09-13 00:00:00,807345
551,000000000000000000051800a2111dde991577bdf2b6b69f28debf1c795f006f,2023-09-13 00:00:00,807344
552,00000000000000000002564267e62cc351e27f6dca4b9bebaa18697706aa3316,2023-09-13 00:00:00,807343
553,000000000000000000014aea9da6d1f6f3ea83c618fe497c732698baec107fe0,2023-09-13 00:00:00,807342
554,00000000000000000001fdbb0802aa243885dc285fa7d7fdb4ce9ec9a8eea057,2023-09-13 00:00:00,807341
555,00000000000000000004010325a26b647392a05288a375af6b4274733a5191c7,2023-09-13 00:00:00,807340
556,00000000000000000000d2724d8578423bb0924be534c06bea1075e52df237b7,2023-09-13 00:00:00,807339
557,00000000000000000002169363ea785e0361efa9f08b27f0e84db4a956165c16,2023-09-13 00:00:00,807338
558,000000000000000000028096417b6f54aeb8e26dc94349a235376ee4ae643e13,2023-09-13 00:00:00,807337
559,000000000000000000039c697354f553ec23572d129060fb6078d7352c372e80,2023-09-13 00:00:00,807336
560,00000000000000000001e1cf3afda6e1e31b4e45fb6fed9a2499d624f9c50f22,2023-09-13 00:00:00,807335
561,000000000000000000029f218c47b393834767cf6a9db3c6cd26ee28964e09b1,2023-09-13 00:00:00,807334
562,00000000000000000001100150e9ebb8a8d275e6709c60f02d7a4863bb5262d4,2023-09-13 00:00:00,807333
563,0000000000000000000107ce02d2c0eb80c849bc4e1fd34f02aaf115daf8fafe,2023-09-13 00:00:00,807332
564,0000000000000000000015283cd8f123bffcaa3c3f4d5e360a3314d3959a9784,2023-09-13 00:00:00,807331
565,000000000000000000044243aac72e5a3f198ea8c01691769df34ff9c3ea503f,2023-09-13 00:00:00,807330
566,000000000000000000030a09bc34a572cd7a864bd47f1a7bca616bac0f64dd55,2023-09-13 00:00:00,807329
567,00000000000000000000cbfa93a961c4e5bb5c30b2806955c83d26c3682a4aba,2023-09-13 00:00:00,807328
568,0000000000000000000524a26c18fb19877fd9baef361d24aefd25cee62f7b9d,2023-09-13 00:00:00,807327
569,00000000000000000002f281094add94d9364acfb18c89e9d4ac24e9df16ec99,2023-09-13 00:00:00,807326
570,00000000000000000004cf025cee100fa77ecef604ee5390a62f2fd46e123194,2023-09-13 00:00:00,807325
571,000000000000000000033aa5472849394d035d37af01c0539d63898782e6320d,2023-09-13 00:00:00,807324
572,000000000000000000029ed420886141389562df31447bfd34cac98130aa4b3f,2023-09-13 00:00:00,807323
573,0000000000000000000242d436294eb1a402b6d216b2599618521b3d0060d280,2023-09-13 00:00:00,807322
574,00000000000000000001e773bcd9163ef84a4c00b8c4f9766de14ee80e4ab75e,2023-09-13 00:00:00,807321
575,000000000000000000041cdfcae987a9a0d658ab7dd56d0d1939830f10f7ca3b,2023-09-13 00:00:00,807320
576,00000000000000000004fb35259bdc9ab7886cbf5f1cd1ff58e9f829547e3d70,2023-09-13 00:00:00,807319
577,00000000000000000001d6e31e577019b353410bde437159132f665c310c2dac,2023-09-13 00:00:00,807318
578,000000000000000000008ce66c8a9746ddc36a9cfaa33de74f74e442a9c75be2,2023-09-13 00:00:00,807317
579,00000000000000000003d41f3248369ceb6a9d34c6c0d4347e6b1f9ebb0c49fc,2023-09-13 00:00:00,807316
580,0000000000000000000223b2534fd2c7bf9ad7b90193927beac5d05c5bb03c34,2023-09-13 00:00:00,807315
581,0000000000000000000182ef53a4a92ff4f6af235c653cfe894849863a34fd72,2023-09-13 00:00:00,807314
582,00000000000000000000887c98b77cc3069d0b7571eee2b669f109a2bae24321,2023-09-13 00:00:00,807313
583,000000000000000000050e6d720bf7d8afda6e3ea56ad4170000c85e975aa8d2,2023-09-13 00:00:00,807312
584,00000000000000000000b66ca9e6b244b36432ff6e4f5aa5f3e572f03a0845e0,2023-09-13 00:00:00,807311
585,00000000000000000000e7f50199c2e188c5cd0be03b00045354a874afdb2aea,2023-09-13 00:00:00,807310
586,000000000000000000020ca1b5c7f0a4547c83b3409fb2e6d09fcbb35fafe048,2023-09-13 00:00:00,807309
587,0000000000000000000180a9e4e98ad7d6ab75662465d9ca943e351a3b41fab1,2023-09-13 00:00:00,807308
588,00000000000000000002be2c1172d84c378c09161fb7e85b1c75f0a793a22a5a,2023-09-13 00:00:00,807307
589,00000000000000000001b38e5e6eea33fdf4589fb5a9415e5331ff907f3343b2,2023-09-13 00:00:00,807306
590,00000000000000000001b7e7228db7c87ccd6186dc2fc79d9f284add0e4707e7,2023-09-13 00:00:00,807305
591,00000000000000000003db6f15f68a243443b45a4348f9c2e5f631623d995719,2023-09-13 00:00:00,807304
592,0000000000000000000135e12dbe675418ce2dfc78faa5de89881d726910a20d,2023-09-13 00:00:00,807303
593,000000000000000000014eb802ac38db9ab259f454ad6d1e88d289fd2c6c1045,2023-09-13 00:00:00,807302
594,00000000000000000004a4a680b8f84b254dc162aa77fcf71800478e0f5bdd13,2023-09-13 00:00:00,807301
595,0000000000000000000144877ad6d80992b13099a26600fdf71ec92001fe0dce,2023-09-13 00:00:00,807300
596,00000000000000000000623a8d01478b742fc5dadbea365adfa1dae51a84ec85,2023-09-13 00:00:00,807299
597,00000000000000000000240249327387fabae48c7ec73d1e97ae5420a9afb069,2023-09-13 00:00:00,807298
598,000000000000000000008b55a61959a3a312f0938cd70c2de950252fc9efef80,2023-09-13 00:00:00,807297
599,00000000000000000003225436d1a479b88d258fff2541bf0b387afa24009265,2023-09-13 00:00:00,807296
600,00000000000000000000bcbe33b2e63178d7eefca8c09e0effb013dc94c88495,2023-09-13 00:00:00,807295
601,000000000000000000052a494842a3ce17f3e3de971284f6dededd1ad922b394,2023-09-13 00:00:00,807294
602,000000000000000000006040dfdc679d12d8eba47215da6601bc8bf9cc2f7967,2023-09-13 00:00:00,807293
603,000000000000000000001894322b292db64af59441288ab35c30060ad825b9a6,2023-09-13 00:00:00,807292
604,00000000000000000003c5eb2b75beb0028f0c5dd9c424a227c5272899729a02,2023-09-13 00:00:00,807291
605,0000000000000000000202470ccdb3795954825bcb4ac62db3064fa5e5a9737f,2023-09-14 00:00:00,807572
606,000000000000000000020230ca1c6e1adbc46206200126353a45215e0215db44,2023-09-14 00:00:00,807571
607,0000000000000000000127b81051326f50bf2eedc1412be017ebdfbcb83354aa,2023-09-14 00:00:00,807570
608,00000000000000000001ce8951e8a4eba51cba52a88dcfe9787297401e128770,2023-09-14 00:00:00,807569
609,000000000000000000038c3418390cc37256a280ec9778d46cc70b81f005a2da,2023-09-14 00:00:00,807568
610,00000000000000000000014816a38946b9e7f500dd38574b994c2ea8f52c351c,2023-09-14 00:00:00,807567
611,000000000000000000021b36fca3d11380d651ce32590c745654577f20c42680,2023-09-14 00:00:00,807566
612,000000000000000000006d0447be5764b8cf73909f6b5c3de35d1a6ec04f7416,2023-09-14 00:00:00,807565
613,000000000000000000046de13bb853af6aa9f7bc8bd218498ac9fb044d157dba,2023-09-14 00:00:00,807564
614,000000000000000000018e1baf78dee176ddd9ea1f57bb1673b39287209de2b1,2023-09-14 00:00:00,807563
615,00000000000000000002c0fb5d8cb499c4a4549a329feaec848233268818bb3c,2023-09-14 00:00:00,807562
616,0000000000000000000258554c3c785b90ca72fa86cfb8a6aa68334e5a08d70e,2023-09-14 00:00:00,807561
617,00000000000000000001838278d1825fb786d6b7a2e20d76dff5875de817a368,2023-09-14 00:00:00,807560
618,00000000000000000004e5c215d3944d32e94b37a58de0004f41defe8435d57c,2023-09-14 00:00:00,807559
619,00000000000000000000370fda2b0627967c0ea393173c7b071afcdc7833bd2b,2023-09-14 00:00:00,807558
620,00000000000000000000204af8d4d6200945bd9db5cad20f159f25c18eff4c8a,2023-09-14 00:00:00,807557
621,0000000000000000000200b30cbf2b527b4f6477299f3080b05c333b12e00307,2023-09-14 00:00:00,807556
622,00000000000000000001d665ce02d1a9ad6c1050e96a656128ce5074341cee53,2023-09-14 00:00:00,807555
623,0000000000000000000232ea0874a1ec20640347e5fd2023978b0c70c0e33481,2023-09-14 00:00:00,807554
624,0000000000000000000154487d1fed74bf8d7bb29037ff589a37ccb692c3f3f5,2023-09-14 00:00:00,807553
625,000000000000000000034ab8d7a1548df32084fc36e1f591aeb18653663bda04,2023-09-14 00:00:00,807552
626,0000000000000000000396d4d5f7ea786a4c83b0ade0b77e186c3e78273d3b61,2023-09-14 00:00:00,807551
627,00000000000000000000b98aaaf6beec88c1a89a144a0cbaf6ba1e2c082ba4e2,2023-09-14 00:00:00,807550
628,00000000000000000001fce823abd22838e7955dfc9e98fd267cb7b804a6561a,2023-09-14 00:00:00,807549
629,000000000000000000033eb2049d16b13ea7c792653c828c2e2506938c923aaf,2023-09-14 00:00:00,807548
630,00000000000000000002b74e39a62aa5252a889e6481b126d616bb88b08a612a,2023-09-14 00:00:00,807547
631,000000000000000000004e6ad4c68087a60f1367205245b2d5daf9b4eb2f3d38,2023-09-14 00:00:00,807546
632,00000000000000000004035661ec5893014713ef321874c2ed5c685f87cd8d96,2023-09-14 00:00:00,807545
633,00000000000000000001c98584741b5c416429ea8bd404289798e66fffa8ec9f,2023-09-14 00:00:00,807544
634,00000000000000000004d5428f143839b6ed19f95265d928a806974c9400c713,2023-09-14 00:00:00,807543
635,0000000000000000000226cea09a0902c4a7bb5b98376ba5f43be685831fca78,2023-09-14 00:00:00,807542
636,00000000000000000005070c48b4435aad1cfd68f47ff040f9c328295d8ac1fc,2023-09-14 00:00:00,807541
637,00000000000000000000d624cd4c307c0449301988e46a9c380d0bf6829354bb,2023-09-14 00:00:00,807540
638,00000000000000000003bf231f07ac8bece392ffba1c59867e50c78270c5ef7d,2023-09-14 00:00:00,807539
639,000000000000000000017dc0cf7efb603cd802a78b20b676aef6c628ea6a9810,2023-09-14 00:00:00,807538
640,0000000000000000000397410806dadc981e8ead5bd99c176f4edaecd6002b76,2023-09-14 00:00:00,807537
641,00000000000000000004fdf1177eb2dfcde805756cbd3eb43d22522989c729db,2023-09-14 00:00:00,807536
642,00000000000000000000211e53255997cb1acb5476f4c36626dafc12643793ab,2023-09-14 00:00:00,807535
643,00000000000000000004df199054a67538d6aa4238741890a921f48036036348,2023-09-14 00:00:00,807534
644,00000000000000000002ebe71a9e1144c2320bc14e8ec98ee36ff6269d637681,2023-09-14 00:00:00,807533
645,000000000000000000052bd63f16785a0097e9ef9013411bfe8459de5ed8563b,2023-09-14 00:00:00,807532
646,00000000000000000000f5e8d7bce4ec5dfd06cefe2fc081444ef5fc2aab77d3,2023-09-14 00:00:00,807531
647,00000000000000000003d8d880a88ec0ddaf293e056d8b361f14140e683cd5b2,2023-09-14 00:00:00,807530
648,00000000000000000000dcae32dc061e11831b364ad0e410dc36a5ebc1472a51,2023-09-14 00:00:00,807529
649,0000000000000000000144357cc775ff1732e7f50ee5a66763e0c42c708ed618,2023-09-14 00:00:00,807528
650,00000000000000000003449d833cee58688e5c598dd4db9af138a19ae8c79b5e,2023-09-14 00:00:00,807527
651,0000000000000000000249c4b95a2e20e6c2feae1cd690d159920190e8d2a365,2023-09-14 00:00:00,807526
652,0000000000000000000104cf6179ece70fe28f1f6a24126e8d8c91d42d5eafb4,2023-09-14 00:00:00,807525
653,00000000000000000000d2163b62123e6d2a577968743f0d8fb031d9a8139653,2023-09-14 00:00:00,807524
654,000000000000000000050fc253744739f22f5759974f1428e5b58e9fe9f4c8b8,2023-09-14 00:00:00,807523
655,00000000000000000003bc07da648ec3eecd3ac9fd3bd8e715f34880ca193266,2023-09-14 00:00:00,807522
656,00000000000000000000d915e440fc1571a21830635ff8b42933179131d7c569,2023-09-14 00:00:00,807521
657,00000000000000000003832a1b4637fef480844f1ae0f28933af566532ae901e,2023-09-14 00:00:00,807520
658,000000000000000000022a873993151be7c66d75dbe62c836ca4f129545b933f,2023-09-14 00:00:00,807519
659,00000000000000000000a341e6602064a7e25a28a4d4f10231672315db5014c0,2023-09-14 00:00:00,807518
660,000000000000000000018f600ca3fb45ce82cde67ec8bb6d1e086fd003d08abf,2023-09-14 00:00:00,807517
661,000000000000000000008100f35a9e260a3ce7c1c448254486dacf1149780caf,2023-09-14 00:00:00,807516
662,000000000000000000037d383734811df01ea6e19e9cbe9e9b0d30afc375fea2,2023-09-14 00:00:00,807515
663,0000000000000000000195798f75b74d4ad9c59b378163b223d432766912cd80,2023-09-14 00:00:00,807514
664,00000000000000000002c1250a8a355392d57e6abf93cb9ebe9f16cf633ca121,2023-09-14 00:00:00,807513
665,0000000000000000000207b0aef1e6ab71b55e3d1476d53a52862e0eeef6e3c8,2023-09-14 00:00:00,807512
666,00000000000000000001743f32b5d7dddeb8bd448a9f053cebd61fd5957feeda,2023-09-14 00:00:00,807511
667,000000000000000000012fa49a38aedc9826506adba74c84c1a410781d32d0f1,2023-09-14 00:00:00,807510
668,0000000000000000000146d3acc1dee6df63d034742f007df695fb6a994a74af,2023-09-14 00:00:00,807509
669,00000000000000000002b9db2a7b88117181bfb51c5a77e0e81a9fa2e7ec7115,2023-09-14 00:00:00,807508
670,000000000000000000049d8799567108190050bc97877ba17b860e85f03cd7c8,2023-09-14 00:00:00,807507
671,000000000000000000039791389327b0d2a667d3276a262a0be95a9e9aab496e,2023-09-14 00:00:00,807506
672,00000000000000000000717486b7b2f71cf1c9851bd625af0d118c967a79e7f9,2023-09-14 00:00:00,807505
673,000000000000000000018a0185e2d6a613899790cac3909a764edf671d8aa25d,2023-09-14 00:00:00,807504
674,00000000000000000002b53a96f23ddea1da517c92c6d5f30b3bdb3b82ca8ea4,2023-09-14 00:00:00,807503
675,000000000000000000035e9c95566d6fb1a06a2d56fa9918029d7ec9f97f3d7c,2023-09-14 00:00:00,807502
676,0000000000000000000148e80cac92e7f3a5980a8c070724406bb8861adf94f8,2023-09-14 00:00:00,807501
677,00000000000000000003979afc856ad3271c62cfae10ebde441ef84ca0f96043,2023-09-14 00:00:00,807500
678,000000000000000000042ea72751a27246c402ecd5ef8b233f78e25982f1fa23,2023-09-14 00:00:00,807499
679,00000000000000000004a35a49c94853669c508dff965942728a98ee1dc1f624,2023-09-14 00:00:00,807498
680,00000000000000000003454f37eec2da7e320db29b6c6e0177b5c91326578ed2,2023-09-14 00:00:00,807497
681,000000000000000000001a7b75ea668cb3bbfba02356a821b5acfc926e1a6f33,2023-09-14 00:00:00,807496
682,000000000000000000033fa08722ad52152b0d815c71086dcb605c2b674a817d,2023-09-14 00:00:00,807495
683,00000000000000000003b526579b8039927d602f9747d2b783aa28de10880b2a,2023-09-14 00:00:00,807494
684,00000000000000000004c3def89e08875f4a13844b3111e9eee730fdcdc96452,2023-09-14 00:00:00,807493
685,0000000000000000000380084ff1525662fc244f0fdcf9899af1ce254bb58648,2023-09-14 00:00:00,807492
686,00000000000000000004af5b6ec927ddd9c70559f7f1e8001ee4a1ead773af6e,2023-09-14 00:00:00,807491
687,000000000000000000010c7efffcedb7bbb9526b5af077476f2a003b3c7d30fe,2023-09-14 00:00:00,807490
688,000000000000000000030d647243ccd4172444f7c410a07130a6b1d5c92b3a0b,2023-09-14 00:00:00,807489
689,00000000000000000003bb161f2bc3651232b9bbe8c78d838297190bcea47a02,2023-09-14 00:00:00,807488
690,00000000000000000000c5f15991730be80aec2aa703b1fc49bbd8be2ce2f535,2023-09-14 00:00:00,807487
691,000000000000000000034ffd34913cbdafa24799598285bf1acce49f8da97a00,2023-09-14 00:00:00,807486
692,000000000000000000051c467fd2d90238851f5eef1df99de10c5122de0a5d64,2023-09-14 00:00:00,807485
693,000000000000000000042e661b9241089467e35cb3e7c68762178aec064870a8,2023-09-14 00:00:00,807484
694,00000000000000000002463dc3e19898fe74be93b69c1d9e71d02b5a5dbc1f24,2023-09-14 00:00:00,807483
695,000000000000000000009db86c91ac3ce9cab592e9dd067674099d65f5131f6a,2023-09-14 00:00:00,807482
696,000000000000000000044aaa119b55e0dfee385d11f8845a203b75db5fe7e03a,2023-09-14 00:00:00,807481
697,00000000000000000001c7e19aac0af2a1be7398bf4410460191a970ff8cfe1f,2023-09-14 00:00:00,807480
698,000000000000000000024acc778607b326bb5061c6c0b4115cadd6e83db37305,2023-09-14 00:00:00,807479
699,0000000000000000000008e71db504a3d8d0acee8ef05d8481482adbc5e7744a,2023-09-14 00:00:00,807478
700,000000000000000000011029809bc9727da4bbd31cc075a34cd6e2f132234e46,2023-09-14 00:00:00,807477
701,000000000000000000008bbcadcf30305d9e4c279ba594591c83405006f2e8df,2023-09-14 00:00:00,807476
702,00000000000000000000d5a570d9814b536ce3cf791dfe56c35032ea8ade0e65,2023-09-14 00:00:00,807475
703,0000000000000000000046edc830f1fcfc05c940857ca1f335780a2d1c333e3e,2023-09-14 00:00:00,807474
704,00000000000000000003084d80f16f250d17927fae899f0082b9ff7d1b766983,2023-09-14 00:00:00,807473
705,00000000000000000001cb328c7e6ab24877be8d801241aaf6dffdf9b6dd3bd7,2023-09-14 00:00:00,807472
706,000000000000000000029b244d8ea7aca6927a832221ac155e819f8a4393ee80,2023-09-14 00:00:00,807471
707,00000000000000000003bd0d30cba19d221b09bdb5c262bc2d32c2acd3782a04,2023-09-14 00:00:00,807470
708,00000000000000000002b22c936a547aa392f3b383c9ccc10241552680d4b8fa,2023-09-14 00:00:00,807469
709,0000000000000000000182e1e30292aee29200e83dc511af07f0c8db6191f05d,2023-09-14 00:00:00,807468
710,00000000000000000000bbc77f8b3f2b031cf4849dad0e60ed50ede6c5fedea2,2023-09-14 00:00:00,807467
711,00000000000000000000c998eefb89bcec12152d24a7ba182e4adb3d20c1170f,2023-09-14 00:00:00,807466
712,00000000000000000000fc0da809a5a888131997ea6d4d2d06176d0e9bebab28,2023-09-14 00:00:00,807465
713,00000000000000000003a1851e090daef37df642945e26e834c6fe264821963c,2023-09-14 00:00:00,807464
714,000000000000000000046f9aa7891d48cf86abd2b335f62f754ca64d7eb9b0c1,2023-09-14 00:00:00,807463
715,00000000000000000001f4d7e966d20f71d142f12fb4ec91485e868b0858a53f,2023-09-14 00:00:00,807462
716,000000000000000000038b5be2059084ef62e63a4c942af54a702379491e6e5f,2023-09-14 00:00:00,807461
717,0000000000000000000298afba90b241a0c32d63570ce7279ddefa0dfaa62836,2023-09-14 00:00:00,807460
718,000000000000000000034ec555b2b82e5aeb6771b38621736d80b45cbdec976b,2023-09-14 00:00:00,807459
719,0000000000000000000075912c672e59b778617a4b7f2c73336f1b956eaafe1f,2023-09-14 00:00:00,807458
720,000000000000000000044901c1e83648e3cdec8d2ef61bc626b067737773f073,2023-09-14 00:00:00,807457
721,00000000000000000002f7f86be802e0e871f51f006c0c9a141b4319b92be267,2023-09-14 00:00:00,807456
722,000000000000000000023ee56dc16fdf7ab3b06e38c9dbd9fd0c2c393c4a8a15,2023-09-14 00:00:00,807455
723,00000000000000000002731fced25abed020e00fcb500d9b2b8e8f58bbb82aeb,2023-09-14 00:00:00,807454
724,00000000000000000004759b075c9b0625dc531d11fd274ac9cf6f5d1a31f779,2023-09-14 00:00:00,807453
725,0000000000000000000076d6ba131ea8181fccd09f3452f07d321c8e4f4b2259,2023-09-14 00:00:00,807452
726,00000000000000000004f73bfa73175ea5412ca46040df9bea6396a71675849c,2023-09-14 00:00:00,807451
727,00000000000000000001a4836d61f963e010bda17493e7f657b63d292c81e1e8,2023-09-14 00:00:00,807450
728,000000000000000000040c94636d6355e9a891f28006060ca115cc49a7bcfd0d,2023-09-14 00:00:00,807449
729,00000000000000000004e9e24bb7b678db9d4510f68ee931ba36b612d7c05f6e,2023-09-14 00:00:00,807448
730,0000000000000000000495bac1909a2410cabfb506c25e080d81d6e302595158,2023-09-14 00:00:00,807447
731,000000000000000000010b94a8ba69e15cc31561eebffbdebd2b014a5fb21b49,2023-09-14 00:00:00,807446
732,00000000000000000001acec981110faad457f22c2dac7452e94fdcc60abe873,2023-09-14 00:00:00,807445
733,000000000000000000040fb84e95d14e41f645924599486e61b0986e2fe3939a,2023-09-14 00:00:00,807444
734,000000000000000000005bb2b94545a5d9040bac3f3b76df366f655f1e092ff1,2023-09-14 00:00:00,807443
735,00000000000000000000e61d65059973b02405541b4e43db4086bd79390ad4bc,2023-09-14 00:00:00,807442
736,000000000000000000045b0bd46c84ef1ea3c7b8895ee5f24126c4abdaf12ac4,2023-09-14 00:00:00,807441
737,00000000000000000001bdbdf013b8e934e8425e441921736653cb552153e4b4,2023-09-14 00:00:00,807440
738,00000000000000000004cc720e562d0cf44ec2226f8578192a4a3d9cd73f0ce2,2023-09-14 00:00:00,807439
739,000000000000000000028fd7f4ba4a4d4321fdcd641fff16449501d990d9d700,2023-09-14 00:00:00,807438
740,00000000000000000002aead9f9e2d4cbaab3e08ca51d0e43ce822b49359c168,2023-09-14 00:00:00,807437
741,00000000000000000002a0c596456abf6a404f61316b8c481af97e5a2e6acffb,2023-09-15 00:00:00,807751
742,000000000000000000020d530adadef8a2e758f44ed4c7474fc213810ecbf804,2023-09-15 00:00:00,807750
743,000000000000000000011c12239e0b4f6669e4c7f4a6a9a511a4377d618b39e7,2023-09-15 00:00:00,807749
744,00000000000000000004d46d97e1e77be63cd46d9b762a5eac88061836235a37,2023-09-15 00:00:00,807748
745,00000000000000000001f305cf8a3ae017a4e50468e981516b7c976a78fc5055,2023-09-15 00:00:00,807747
746,000000000000000000034934f36ef2518fbe17b53922cddd6dc849d789f06bf3,2023-09-15 00:00:00,807746
747,000000000000000000048abe38b874abb9a17c1f6cf5113a6e80e9af79743003,2023-09-15 00:00:00,807745
748,000000000000000000051b87289ac16d2a9cb0227602faf1b47e546037b45390,2023-09-15 00:00:00,807744
749,00000000000000000003fc61732323a5719c365e5f2de5ab0482fe44396579e5,2023-09-15 00:00:00,807743
750,00000000000000000003fe4ba5fa901e02dd14d9f09c913f76fe638e90c3cb46,2023-09-15 00:00:00,807742
751,000000000000000000034ad0d96a8af9d64ed0f61ea38a968306ff906e95b3eb,2023-09-15 00:00:00,807741
752,000000000000000000007f61cebed33b20f596df4e00d57ff107f36c52f9ab19,2023-09-15 00:00:00,807740
753,00000000000000000001bb7a88d6571b1e3c2e20ee2871214d8ed9758b09fa5c,2023-09-15 00:00:00,807739
754,000000000000000000024498ae8f04c7554653f11b66a0ba6b85119c5304d7fa,2023-09-15 00:00:00,807738
755,00000000000000000003a03e134afa3b73230aee7976b82aa65bd7f18a848001,2023-09-15 00:00:00,807737
756,00000000000000000004674986839bf3c7c7f34f9ea83fe177a20416b4795a36,2023-09-15 00:00:00,807736
757,000000000000000000020181ba0bf71f8e3b6ce70a179a265ddde76a07a3882b,2023-09-15 00:00:00,807735
758,00000000000000000004b5132d22be74adace4c988a9eef6dc752b2ba1803db2,2023-09-15 00:00:00,807734
759,000000000000000000012210e4024ac1c795ece6d0ef1c40ddab1922593a71c5,2023-09-15 00:00:00,807733
760,0000000000000000000244c7bde4fe5bbb93991494784dc232c04149d61bcb00,2023-09-15 00:00:00,807732
761,0000000000000000000333f4ae7cf327ebb661ce89c974a55cc1c355c618b651,2023-09-15 00:00:00,807731
762,0000000000000000000482a9705ec7243d210eceb89e31c29472e69c0aba7914,2023-09-15 00:00:00,807730
763,0000000000000000000319e027ab5ac88170e99d8d0bc2e2288df44c5758e3c8,2023-09-15 00:00:00,807729
764,0000000000000000000100b9c2bc5d15f7eaf8b9dfd92aff35a352cdd76c3fec,2023-09-15 00:00:00,807728
765,0000000000000000000199f7f5e8879ff432ed2ba9517669ea5f5a6b26388f68,2023-09-15 00:00:00,807727
766,00000000000000000002226223837f0a4875222e73a3112d593c100add3bb49c,2023-09-15 00:00:00,807726
767,0000000000000000000347d6e147e8a9c6e7655cc315cd7a8b77ac2d029ddfc6,2023-09-15 00:00:00,807725
768,000000000000000000051654e4d07db40ea7030eca18c4090dbae4164ca46e9d,2023-09-15 00:00:00,807724
769,00000000000000000000229e26b29b02529b8d25d62d5091292c5239c5a62b44,2023-09-15 00:00:00,807723
770,000000000000000000000d2de5cc6dc43e630230bb064a957ecf22ffd1038f89,2023-09-15 00:00:00,807722
771,000000000000000000050fc777f58b9b4849522a995e0c95f8b2c49e7dbdff33,2023-09-15 00:00:00,807721
772,00000000000000000001ee8c50da942189ca9619fe90fbb3fb73e2d342da8d9e,2023-09-15 00:00:00,807720
773,00000000000000000005236570fa3c682ff55c62254d278bb40235df003baf3c,2023-09-15 00:00:00,807719
774,000000000000000000017a1d14b921844d8b5f67feb8d4220f263bd80b1c2d49,2023-09-15 00:00:00,807718
775,00000000000000000002357cfb8a8b7d92fab2eb11763e75ce56cf00c0986e68,2023-09-15 00:00:00,807717
776,00000000000000000002f6c98f6ffa2cda2859cd71bdec912a8e0fdcd2bc74ee,2023-09-15 00:00:00,807716
777,0000000000000000000154e4428dd69e06b8bb7741a5124990639439c10942b8,2023-09-15 00:00:00,807715
778,000000000000000000044428623a5003eef6e4709969392dfd67d295244bec78,2023-09-15 00:00:00,807714
779,00000000000000000002277c16cc16da187f7f4c057163e3c1a5a7ef2898996b,2023-09-15 00:00:00,807713
780,00000000000000000003af8676c89f9a77b05cde865b591c3789ad3b69189ac4,2023-09-15 00:00:00,807712
781,0000000000000000000425995e0474e9e8017687ce4a16426c25ee4ad1a9d24e,2023-09-15 00:00:00,807711
782,00000000000000000003d3dd5dae943f77620d673b42e6c07391a94c91bc12cd,2023-09-15 00:00:00,807710
783,0000000000000000000380585d9afa7479c4bfc1f68630164b294b46fc1a69b0,2023-09-15 00:00:00,807709
784,00000000000000000002330036a277bb9934c77266899d41495f05a79b6e349a,2023-09-15 00:00:00,807708
785,000000000000000000039c5dcb7813cc1916285213443a0f3adf9b951a6161e8,2023-09-15 00:00:00,807707
786,0000000000000000000017cbd9f9c7c8dd939d8f3f22d84664c47c400eca451e,2023-09-15 00:00:00,807706
787,000000000000000000036622f11a8fa30e6d70fba79d13616481e29ae3bd9a07,2023-09-15 00:00:00,807705
788,000000000000000000034def238b1879a03a9d4d7156cfe837c702a8ce119745,2023-09-15 00:00:00,807704
789,00000000000000000004dcc6b32ef41e70ecf84c523260b2f309a788bd29bad0,2023-09-15 00:00:00,807703
790,0000000000000000000062154229bd54e558fc52788314730bf50fe11847f53d,2023-09-15 00:00:00,807702
791,0000000000000000000034a83d83ac6369fcc27a78fd3058f842742cae88fab5,2023-09-15 00:00:00,807701
792,000000000000000000034632cab529483b7f322c7f45b1eb4050cb193df781ea,2023-09-15 00:00:00,807700
793,000000000000000000035f0604f9fb6de88ecf759ce8b3207b1abb805b628ad8,2023-09-15 00:00:00,807699
794,0000000000000000000352865d1fab70a3c5f888430659290a8789b0cb32c4e5,2023-09-15 00:00:00,807698
795,0000000000000000000463e07cde375bbf3601edd1adbc9c449213787d5ae265,2023-09-15 00:00:00,807697
796,00000000000000000001275bfc366be1ecf2aea75252ab56b30c2eaac9125137,2023-09-15 00:00:00,807696
797,000000000000000000029017ed3ddb4cba075e21d48f51da44b9a4c3ff1d9616,2023-09-15 00:00:00,807695
798,000000000000000000001240c04649e177d8a8cb688fa946943b18b373805388,2023-09-15 00:00:00,807694
799,000000000000000000050a73b734dce757919d7e2a42f8dc7fd5267bd023b984,2023-09-15 00:00:00,807693
800,0000000000000000000109fc4d17efd521a6e0c2666ebd5c1db63ee462d554e4,2023-09-15 00:00:00,807692
801,00000000000000000001f903f13fa6e6ba08ae7f949fc6f2d63ab08c44b39d11,2023-09-15 00:00:00,807691
802,0000000000000000000162f61c5c6a325d9df6e966f39a2c1ad64e58d731fe8b,2023-09-15 00:00:00,807690
803,0000000000000000000320ef87e891ee44664c8b378c73b2648dad114a0c57a3,2023-09-15 00:00:00,807689
804,00000000000000000002d5d32e0798dd2f95f51b5f9639c46ccf18ddd22e99b0,2023-09-15 00:00:00,807688
805,000000000000000000010de394714c41b99cf5069d28e2d0af8c5586bcb4b093,2023-09-15 00:00:00,807687
806,000000000000000000013689b5f70fbaf6c7243d73506dde2f678df8bdf9f4e4,2023-09-15 00:00:00,807686
807,00000000000000000001bea909d38647735483e498831120a868cb44d91741c6,2023-09-15 00:00:00,807685
808,000000000000000000010821b3f47fe98731f9acd8eb7c3ffd2121cdbf2a2253,2023-09-15 00:00:00,807684
809,00000000000000000004fc6dfa8a497deeceb90cf5c0de564e5d384fcc9bc3b6,2023-09-15 00:00:00,807683
810,00000000000000000003b8e5d7f97c50d57de562fd4f13c451cfac9383ec4c15,2023-09-15 00:00:00,807682
811,00000000000000000001cfb071f7d14cde75c29c1d6c6468b59734926edc264e,2023-09-15 00:00:00,807681
812,00000000000000000004bfdb99d493e43370bf533d16868999739fc84e29549f,2023-09-15 00:00:00,807680
813,000000000000000000040cd2dc2db214612f5f7a25add28e391d846eec226074,2023-09-15 00:00:00,807679
814,0000000000000000000300f296befc598e93df58a107e436c40f1f6fc6217643,2023-09-15 00:00:00,807678
815,0000000000000000000422f40c74386fdc9f1d47d2c672a0daad2f92df0f867d,2023-09-15 00:00:00,807677
816,00000000000000000002ace50d6fb75ec46d6cbdb0faf39f33fc395ecf2ff7cf,2023-09-15 00:00:00,807676
817,000000000000000000042f53db39733a4cad0f91be99cdf3848ad96afe1a01c7,2023-09-15 00:00:00,807675
818,0000000000000000000160bde522ddcf1ddca42e06b6996093310fe6c2ffa304,2023-09-15 00:00:00,807674
819,0000000000000000000342a975832478b946729744752025d8f37c4f821f7e5e,2023-09-15 00:00:00,807673
820,00000000000000000002c4b97be903b5f61897475acde612bbe9c5b9fcf4dd27,2023-09-15 00:00:00,807672
821,00000000000000000003700fc7aa12926469df2e4ca45174dfaa95aaee0ee9e3,2023-09-15 00:00:00,807671
822,00000000000000000000550593503a909a9830abca827efe0b7978c351386cba,2023-09-15 00:00:00,807670
823,00000000000000000001fa4e96330974b76d1c00a074789e3c5ed9894ae22b0a,2023-09-15 00:00:00,807669
824,0000000000000000000434e311baab1673b109fed036ec1ea26a9edf8a66b318,2023-09-15 00:00:00,807668
825,000000000000000000037bf1d529f0b308c3a30a83967b73d0c559382805b0ca,2023-09-15 00:00:00,807667
826,0000000000000000000343ee32b0414320a4878312999f5e431dde783950351f,2023-09-15 00:00:00,807666
827,00000000000000000001e5ef2e4d66c25c8c6690fdb09434284e808ef7ede791,2023-09-15 00:00:00,807665
828,000000000000000000050942c7edf74c193e25f63aeba670a376d3e0fef130ec,2023-09-15 00:00:00,807664
829,000000000000000000000e40589c910622f156376925381ac8db0ac41ca637ec,2023-09-15 00:00:00,807663
830,00000000000000000004e0d9d3f6ad67a89ad38df2729847407a15b7714e3ebc,2023-09-15 00:00:00,807662
831,000000000000000000050976bba8d4d5d89a34357851b1cfe418b18c4438f657,2023-09-15 00:00:00,807661
832,00000000000000000004a02021c1ded92247c1e780a4ca89a98d3d312eddabe7,2023-09-15 00:00:00,807660
833,00000000000000000002c4e65bf92572f2c83d6bde6190c4bbe5f9d03cfdcf86,2023-09-15 00:00:00,807659
834,00000000000000000002e1b1f91f3ec0d7c4a352d5c16705382492ec2be07c81,2023-09-15 00:00:00,807658
835,000000000000000000050cc43ce1e33a57f0b953e27b733eda042e6fe6b16df9,2023-09-15 00:00:00,807657
836,00000000000000000003058e695acd5b2c5240c229506e65c7957e29995c5ffa,2023-09-15 00:00:00,807656
837,000000000000000000027fd3a821bbfad4492fe80734d2897cb9c5640c46ad91,2023-09-15 00:00:00,807655
838,00000000000000000005011f3b5acc02c5d8165d9ccbe00d5ec5c4039de143e9,2023-09-15 00:00:00,807654
839,000000000000000000006935b3f94633a6f853f86cdc75f5c993a1f3b047df7f,2023-09-15 00:00:00,807653
840,000000000000000000037048c6ae6f654b2f5bcbcd4c9eedc890fa199481a5d6,2023-09-15 00:00:00,807652
841,000000000000000000017260fcf76f57f831f14c5500335d61469dd694bceb04,2023-09-15 00:00:00,807651
842,00000000000000000000014a2d90de25528414f5b50ad54d7e6503db425dc232,2023-09-15 00:00:00,807650
843,000000000000000000012a4fa65b6c0495f6b49227e49c862d6de8da0a826ffb,2023-09-15 00:00:00,807649
844,000000000000000000043e3ed51e7bc926456ee3ae05f0690c84cae99e8cd1a5,2023-09-15 00:00:00,807648
845,000000000000000000026bc679aa2506b8b86ec3cfecbd06e743b037c1f92c4b,2023-09-15 00:00:00,807647
846,00000000000000000004bbc746bb899999db433f936ebc0b31165f5ef8beeb85,2023-09-15 00:00:00,807646
847,00000000000000000002182ea11e2ec64838da659ec2245e57d6ff394dcb0520,2023-09-15 00:00:00,807645
848,0000000000000000000421f9567b64503c81f3af2de5b3e30a115845456cf71b,2023-09-15 00:00:00,807644
849,0000000000000000000101c81ca17707421645bda611685bf292d7bd20de28c8,2023-09-15 00:00:00,807643
850,0000000000000000000004de30287045f42c1ba53c0cf6578cbc865111f37ef6,2023-09-15 00:00:00,807642
851,000000000000000000010b8df61eab016422275975359c982c96a6d57e5e1234,2023-09-15 00:00:00,807641
852,0000000000000000000088f7359dca0baa5062ec02183eceb9f79a1e43de9d9f,2023-09-15 00:00:00,807640
853,00000000000000000004ce7c4a6ffb58e3e7f9426105fdcb481ce4982118f531,2023-09-15 00:00:00,807639
854,00000000000000000003337a1807ed83fccc9ee6f006511e149de6b08a140210,2023-09-15 00:00:00,807638
855,0000000000000000000116e64ce54f6a5274ee6c6f3164365355deed8c4332d9,2023-09-15 00:00:00,807637
856,0000000000000000000265f8e456bfbcb92aa73b1937b55d8ea95b36a0e4bb19,2023-09-15 00:00:00,807636
857,00000000000000000003db8db1ea35e2827304ecae6653f74edbc7b29c687b5d,2023-09-15 00:00:00,807635
858,000000000000000000001247c58f14d39411aec8e96a433785302c5ba393cbfe,2023-09-15 00:00:00,807634
859,00000000000000000003c2f248021d14c872a1372aaac0cf24f1df9309dcb0dd,2023-09-15 00:00:00,807633
860,0000000000000000000509facb870938491844a47f7114011c28af6633039575,2023-09-15 00:00:00,807632
861,00000000000000000000c075cd769c67000efdfc142a8d3e7460e6720343f081,2023-09-15 00:00:00,807631
862,0000000000000000000500d46c7fa9e019c5ac11c426880ea6ea919f8477ae47,2023-09-15 00:00:00,807630
863,0000000000000000000316db8fcbf01f638f4e5a9fb950bb890fa1297677f574,2023-09-15 00:00:00,807629
864,00000000000000000004c615dd36b81a88f98a91ba968fb3c6d6feab3ff68a70,2023-09-15 00:00:00,807628
865,000000000000000000002ab9cdd4c0a16fb0141fd6638eba3d0477d08ee9e3ac,2023-09-15 00:00:00,807627
866,00000000000000000002e1fbc69d22fba50204d885a1afb827d84c0504a4cfd9,2023-09-15 00:00:00,807626
867,00000000000000000001a70f708bac6ee7e95df41611d1f959d7af37d403c4d5,2023-09-15 00:00:00,807625
868,00000000000000000000bef266c8e17c321ac01fb99d5b74c47c97413ade5edf,2023-09-15 00:00:00,807624
869,000000000000000000025596cdd645470a86522d1ce834483eb798c5c81f7260,2023-09-15 00:00:00,807623
870,000000000000000000050fa65cd6104bf07f4e39dd0b855daf5ed3092d540ee6,2023-09-15 00:00:00,807622
871,0000000000000000000199cedff3ffb33a00ae752e64936bfd3eb4a5beb50f95,2023-09-15 00:00:00,807621
872,000000000000000000052965d9ee3b6ac035d5769df14bcb22c5aa23336173a8,2023-09-15 00:00:00,807620
873,000000000000000000045d07c30c88949145980a9fc607f98214e3ab459359e4,2023-09-15 00:00:00,807619
874,000000000000000000007b88b6af231aaa378879200e8e3d5ad2140d60b4f5f5,2023-09-15 00:00:00,807618
875,000000000000000000004d48aa9cba4a5c18dec460f5cb31aecd25a8be3f51a9,2023-09-15 00:00:00,807617
876,00000000000000000004dac2dd911393dbcde61b706871a37879debbaff58438,2023-09-15 00:00:00,807616
877,00000000000000000002ed711bea79c14825d890fdf1df77b007fbafab8df421,2023-09-15 00:00:00,807615
878,000000000000000000004a763e3c853ca954e7651e89433df9996eb79f1b3f8b,2023-09-15 00:00:00,807614
879,00000000000000000000e7c457257a9ee1ec114aaee136095d50fc2f31c5f729,2023-09-15 00:00:00,807613
880,00000000000000000004ffab3ebde58ed6b82d11c15051a663ad562f998b9b60,2023-09-15 00:00:00,807612
881,000000000000000000028d1c7b9f908e67ae27c06df9a315be9508de3f41cef6,2023-09-15 00:00:00,807611
882,00000000000000000000828a2808c8dea2a1f86ab3f846f45f7c6f1abc169f53,2023-09-15 00:00:00,807610
883,000000000000000000052aaaa3bac6ab1f67ec0d3607dbe5c69a737c3ac79b4f,2023-09-15 00:00:00,807609
884,00000000000000000001f6a443cf5e54a371fa596d999048b9468c819e0e1a82,2023-09-15 00:00:00,807608
885,00000000000000000003ffed374ae994c0c1ff8059032595ecb40be6d14de54a,2023-09-15 00:00:00,807607
886,00000000000000000000a2dea46b8a786b0a2afafedaf23b7689de03eff43293,2023-09-15 00:00:00,807606
887,00000000000000000001e2c286aa7de54e03917d05bbc73a7d41f0316e30a1d2,2023-09-15 00:00:00,807605
888,000000000000000000028e393f3742f91c13f7faff0b5624028c83b9596b0a2a,2023-09-15 00:00:00,807604
889,000000000000000000002e9c17ad5da395f07a891d560184dd1dd75b4fa97d8c,2023-09-15 00:00:00,807603
890,000000000000000000049f44371314e04bd4dd233197715313fb7ece10873c27,2023-09-15 00:00:00,807602
891,00000000000000000000b30b7caae44f22d2e18aeff8b7887e690c667e67e3c2,2023-09-15 00:00:00,807601
892,0000000000000000000070ce9884a3ed56d02a1b979c38891269f020944a742d,2023-09-15 00:00:00,807600
893,00000000000000000004c3d95c428e012346902bd7499730bcb67309bac8f1cc,2023-09-15 00:00:00,807599
894,000000000000000000032139aef5c4115771783a63d42ed6fac1962b2ae13d63,2023-09-15 00:00:00,807598
895,0000000000000000000315cad6058c2f977b91b99dad7f6b9a4be3daba20c169,2023-09-15 00:00:00,807597
896,00000000000000000002b47efb6d3c02aeee229bb755da87cf0e868c88c5418a,2023-09-15 00:00:00,807596
897,000000000000000000050830d87332550b823882301213ec5a9d9ba92019fa81,2023-09-15 00:00:00,807595
898,00000000000000000002b36b893c679f7d42f1ed0b32b968bf2a553d6f54e04b,2023-09-15 00:00:00,807594
899,000000000000000000048350dfbb20dc75b3d7acd006495d20a62605ac02fc82,2023-09-15 00:00:00,807593
900,000000000000000000030e3d1a2f945c38ec9961ab021a51d990805563357f8b,2023-09-15 00:00:00,807592
901,000000000000000000004f13a41d3de71907c9bdb2360bd1c4f71f89a769b6a9,2023-09-15 00:00:00,807591
902,000000000000000000015635196ef0362fe17117d25cd98781ad78f5432db168,2023-09-15 00:00:00,807590
903,000000000000000000029ec4ff83c1f479304f6f9a4f08cc0fb97e61bb993042,2023-09-15 00:00:00,807589
904,00000000000000000002ae73ecff763831e4f150132d070026b9ae2bcf04f0e2,2023-09-15 00:00:00,807588
905,000000000000000000020e580b5cf6cbbf58348a56c247f98ad832fbd1fb2191,2023-09-15 00:00:00,807587
906,0000000000000000000150bf283ce47c536202c5d76c4f07b5a203e62ac117e7,2023-09-15 00:00:00,807586
907,00000000000000000000906f715d736eba67748ff6cead7c4401e780c6eb1098,2023-09-15 00:00:00,807585
908,000000000000000000020acaa000962c93d3c2706c155b7632a4f69ba90b8d9e,2023-09-15 00:00:00,807584
909,0000000000000000000046ee79f64e3e78cb394a220700f2fa878cd8692a58f5,2023-09-15 00:00:00,807583
910,00000000000000000000cc7dbf8ede86fde3a07b1aff977b810d9cbc1f80fd99,2023-09-15 00:00:00,807582
911,00000000000000000002d7101efd8e0e894af5e27d9abe34bdf16c9bd4b6f12f,2023-09-15 00:00:00,807581
912,0000000000000000000469951d52bda1c7fcd416336891f036085ddaadd638f3,2023-09-15 00:00:00,807580
913,00000000000000000002fbdaa0a2ec7c645f569c8e5ef478e63f9285832ceb2f,2023-09-15 00:00:00,807579
914,00000000000000000002058ed65f638a14814e72cd1fda35ddbf2da7ff610039,2023-09-15 00:00:00,807578
915,000000000000000000005f41ea7dc9ed52c4119b6a0e7751fea0531b73563627,2023-09-15 00:00:00,807577
916,000000000000000000014072cc136ad337608f17f5f7f8344216b1c5b6b735be,2023-09-15 00:00:00,807576
917,0000000000000000000190e82594c49831e64782f42e7c2306b90d0338f9762b,2023-09-15 00:00:00,807575
918,00000000000000000002483e82936e425794c3f000973bbc9bfbc9aeaa621679,2023-09-15 00:00:00,807574
919,00000000000000000004ae2723e9f0265b47f2732b51fb3da8690ee666d151dd,2023-09-15 00:00:00,807573
